,year,DirectorID,CompanyID
27376,2000,66,3
27377,2000,227,3
27378,2000,264,5
27379,2000,277,3
27380,2000,334,2
27381,2000,397,8
27382,2000,523,1
27383,2000,600,6
27384,2000,611,1
27385,2000,616,1
27386,2000,816,3
27387,2000,890,1
27388,2000,905,3
27390,2000,1032,1
27391,2000,1122,2
27392,2000,1392,4
27393,2000,1564,2
27394,2000,1625,2
27395,2000,1692,4
27396,2000,1704,3
27397,2000,1722,6
27399,2000,1755,1
27400,2000,1764,1
27401,2000,1772,1
27402,2000,1781,4
27403,2000,1782,3
27404,2000,2209,2
27405,2000,2251,6
27406,2000,2310,2
27407,2000,2340,1
27409,2000,2434,2
27411,2000,2548,4
27412,2000,2566,3
27413,2000,2596,2
27414,2000,2754,2
27417,2000,2871,1
27418,2000,3074,1
27419,2000,3097,2
27420,2000,3129,1
27421,2000,3162,2
27422,2000,3182,2
27423,2000,3183,3
27425,2000,3525,2
27426,2000,3673,1
27427,2000,3706,2
27428,2000,3746,1
27429,2000,3873,2
27430,2000,3925,2
27431,2000,4080,8
27432,2000,4083,1
27433,2000,4150,2
27434,2000,4246,1
27435,2000,4334,1
27437,2000,4363,1
27438,2000,4401,3
27439,2000,4408,2
27440,2000,4450,2
27441,2000,4656,2
27442,2000,4716,1
27443,2000,4799,4
27445,2000,5075,2
27446,2000,5098,2
27447,2000,5237,6
27448,2000,5263,5
27449,2000,5273,3
27450,2000,5291,6
27451,2000,5313,5
27452,2000,5480,1
27453,2000,5549,1
27454,2000,5561,1
27457,2000,5623,6
27458,2000,5655,1
27459,2000,5794,4
27460,2000,6024,1
27461,2000,6166,1
27462,2000,6168,5
27464,2000,6189,5
27465,2000,6191,2
27466,2000,6326,1
27467,2000,6370,4
27468,2000,6499,8
27469,2000,6524,8
27470,2000,6578,1
27471,2000,6679,2
27472,2000,6746,4
27474,2000,6845,2
27475,2000,6954,1
27476,2000,6967,2
27478,2000,6986,4
27479,2000,7123,1
27480,2000,7157,1
27481,2000,7432,1
27482,2000,7493,1
27483,2000,7525,5
27484,2000,7537,4
27485,2000,7574,1
27486,2000,7600,4
27487,2000,7635,8
27488,2000,7643,2
27489,2000,7740,3
27490,2000,7759,2
27491,2000,7761,3
27493,2000,7838,2
27494,2000,7964,1
27495,2000,7988,1
27498,2000,8108,1
27499,2000,8137,4
27500,2000,8153,2
27501,2000,8175,2
27502,2000,8180,3
27503,2000,8181,6
27504,2000,8204,2
27505,2000,8207,4
27506,2000,8309,3
27507,2000,8472,4
27508,2000,8479,4
27509,2000,8540,2
27510,2000,8562,2
27511,2000,8747,1
27512,2000,8750,1
27516,2000,8847,2
27517,2000,8895,1
27519,2000,9050,1
27520,2000,9107,2
27521,2000,9113,8
27522,2000,9218,3
27523,2000,9259,4
27525,2000,9434,1
27526,2000,9492,3
27527,2000,9562,2
27528,2000,9593,2
27529,2000,9654,6
27530,2000,9684,1
27531,2000,9704,1
27532,2000,9796,6
27533,2000,9826,5
27534,2000,9900,5
27535,2000,9991,3
27536,2000,10106,1
27538,2000,10241,3
27539,2000,10340,2
27541,2000,10680,1
27542,2000,10720,3
27543,2000,10814,2
27544,2000,10950,2
27545,2000,11003,8
27546,2000,11152,3
27547,2000,11268,1
27548,2000,11269,6
27550,2000,11425,2
27551,2000,11442,5
27553,2000,11523,6
27554,2000,11545,6
27555,2000,11672,6
27556,2000,11735,4
27557,2000,12070,1
27558,2000,12186,4
27559,2000,12190,1
27560,2000,12201,1
27561,2000,12265,1
27562,2000,12318,2
27565,2000,12432,4
27566,2000,12435,3
27567,2000,12499,1
27568,2000,12517,4
27570,2000,12574,1
27571,2000,13087,2
27572,2000,13096,4
27573,2000,13106,2
27574,2000,13108,1
27575,2000,13147,2
27576,2000,13332,6
27577,2000,13413,2
27578,2000,13432,1
27579,2000,13504,3
27580,2000,13744,1
27581,2000,13839,4
27582,2000,13857,2
27583,2000,14170,1
27584,2000,14226,2
27585,2000,14253,2
27586,2000,14328,1
27587,2000,14665,1
27588,2000,14870,2
27589,2000,14886,3
27590,2000,14914,2
27591,2000,14955,1
27592,2000,15021,1
27594,2000,15109,8
27595,2000,15110,8
27597,2000,15343,2
27600,2000,15496,4
27602,2000,15727,1
27603,2000,15734,4
27604,2000,15768,1
27605,2000,15832,2
27607,2000,15909,8
27608,2000,15990,2
27609,2000,16061,3
27610,2000,16086,1
27611,2000,16132,1
27612,2000,16193,4
27613,2000,16375,1
27614,2000,16384,2
27615,2000,16411,1
27616,2000,16434,6
27617,2000,16436,4
27618,2000,16567,3
27619,2000,16590,4
27620,2000,16689,6
27621,2000,16729,4
27622,2000,16794,4
27623,2000,16795,2
27625,2000,16893,1
27626,2000,16941,1
27627,2000,16999,1
27628,2000,17012,1
27629,2000,17032,6
27630,2000,17041,3
27631,2000,17077,5
27633,2000,17207,2
27634,2000,22483,2
27635,2000,22707,1
27637,2000,22956,1
27638,2000,23134,2
27639,2000,23142,3
27640,2000,23187,1
27641,2000,23309,1
27643,2000,23368,2
27644,2000,23392,8
27645,2000,23402,2
27646,2000,23440,1
27647,2000,23476,3
27648,2000,23482,6
27649,2000,23538,3
27650,2000,23621,2
27651,2000,23663,1
27652,2000,24004,2
27653,2000,24097,2
27654,2000,24212,3
27655,2000,24224,1
27656,2000,24392,2
27657,2000,24522,1
27658,2000,24719,1
27660,2000,24722,5
27662,2000,24846,3
27663,2000,24848,1
27664,2000,24849,4
27665,2000,24853,1
27666,2000,24854,8
27668,2000,24857,4
27670,2000,24859,4
27671,2000,24860,4
27672,2000,24863,2
27673,2000,24868,2
27674,2000,24941,1
27675,2000,24985,4
27677,2000,24987,4
27679,2000,25008,1
27685,2000,25109,6
27686,2000,25162,2
27687,2000,25252,2
27688,2000,25268,1
27689,2000,25327,1
27690,2000,25831,4
27691,2000,25834,4
27692,2000,25849,2
27693,2000,25855,6
27694,2000,25998,2
27695,2000,26000,2
27696,2000,26013,2
27697,2000,26036,2
27698,2000,26038,8
27700,2000,26162,2
27702,2000,26166,1
27703,2000,26167,2
27704,2000,26169,1
27705,2000,26180,1
27706,2000,26459,1
27707,2000,26470,4
27708,2000,26649,2
27709,2000,26760,1
27710,2000,26784,3
27711,2000,26883,1
27712,2000,26893,2
27713,2000,26927,1
27714,2000,26929,4
27715,2000,27128,2
27716,2000,27173,2
27717,2000,27185,1
27718,2000,27190,2
27722,2000,27425,1
27723,2000,27468,1
27724,2000,27469,2
27725,2000,27485,6
27726,2000,27496,1
27727,2000,27499,1
27729,2000,27660,1
27730,2000,27777,3
27731,2000,27863,2
27732,2000,28207,6
27733,2000,28518,1
27734,2000,28675,1
27736,2000,29193,1
27738,2000,29808,2
27739,2000,30456,1
27740,2000,30463,4
27741,2000,30508,2
27742,2000,30511,8
27743,2000,30513,2
27744,2000,30514,7
27745,2000,30840,2
27746,2000,30845,2
27747,2000,30853,4
27748,2000,30856,8
27749,2000,30902,4
27751,2000,30908,2
27752,2000,30929,1
27753,2000,30930,3
27754,2000,30943,8
27756,2000,31063,2
27757,2000,31158,2
27758,2000,31192,4
27759,2000,31194,6
27760,2000,31196,6
27762,2000,31203,6
27765,2000,31210,2
27766,2000,31238,1
27767,2000,31268,1
27768,2000,31278,1
27769,2000,31281,4
27770,2000,31288,1
27771,2000,31295,1
27772,2000,31310,2
27773,2000,31364,3
27774,2000,31455,1
27776,2000,31459,4
27777,2000,31460,2
27779,2000,31466,4
27780,2000,31474,3
27781,2000,31476,8
27783,2000,31479,2
27784,2000,31502,3
27785,2000,31504,3
27786,2000,31506,1
27787,2000,31509,1
27788,2000,31513,4
27789,2000,31518,4
27790,2000,31521,1
27791,2000,31538,1
27792,2000,31580,6
27793,2000,31583,2
27794,2000,31584,6
27797,2000,31594,2
27798,2000,31596,2
27799,2000,31606,2
27802,2000,31610,2
27803,2000,31611,1
27804,2000,31621,1
27805,2000,31636,1
27806,2000,31645,2
27807,2000,31649,7
27809,2000,31653,1
27810,2000,31658,2
27811,2000,31662,3
27813,2000,31670,2
27814,2000,31671,2
27815,2000,31674,2
27816,2000,31678,8
27817,2000,31692,3
27818,2000,31736,1
27819,2000,31793,2
27820,2000,31801,5
27821,2000,31815,2
27822,2000,31901,6
27823,2000,31904,3
27826,2000,32009,2
27828,2000,32012,6
27829,2000,32013,2
27830,2000,32015,6
27831,2000,32017,3
27832,2000,32018,6
27833,2000,32019,1
27834,2000,32020,2
27836,2000,32188,1
27837,2000,32199,4
27838,2000,32227,4
27840,2000,32231,1
27844,2000,32279,2
27845,2000,32284,8
27846,2000,32333,6
27847,2000,32337,1
27849,2000,32341,2
27850,2000,32346,6
27852,2000,32349,6
27853,2000,32354,6
27854,2000,32357,8
27855,2000,32359,2
27856,2000,32406,3
27857,2000,32451,2
27858,2000,32518,4
27860,2000,32529,2
27862,2000,32533,2
27863,2000,32535,2
27865,2000,32537,4
27867,2000,32551,1
27868,2000,32557,2
27869,2000,32568,5
27870,2000,32569,4
27872,2000,32573,6
27873,2000,32574,2
27874,2000,32628,2
27876,2000,32641,2
27877,2000,32643,2
27878,2000,32648,2
27879,2000,32649,2
27880,2000,32654,2
27881,2000,32656,4
27882,2000,32658,4
27883,2000,32661,6
27884,2000,32663,6
27885,2000,32667,2
27886,2000,32697,2
27887,2000,32706,6
27888,2000,32710,4
27889,2000,32712,4
27892,2000,32746,1
27893,2000,32747,1
27897,2000,32814,2
27898,2000,32816,6
27899,2000,32817,2
27900,2000,32835,6
27902,2000,32839,3
27903,2000,32843,2
27904,2000,32847,2
27906,2000,32898,2
27907,2000,32899,6
27908,2000,32900,3
27909,2000,32902,6
27911,2000,32906,4
27912,2000,32910,2
27913,2000,32916,6
27914,2000,32919,1
27915,2000,32922,2
27916,2000,32926,1
27918,2000,32934,6
27919,2000,32936,6
27920,2000,32939,2
27921,2000,33001,2
27924,2000,33006,1
27925,2000,33008,6
27927,2000,33012,6
27930,2000,33033,1
27931,2000,33094,1
27932,2000,33115,3
27933,2000,33118,3
27934,2000,33121,5
27935,2000,33126,3
27939,2000,33131,6
27940,2000,33141,1
27941,2000,33150,2
27942,2000,33155,4
27943,2000,33156,4
27944,2000,33157,6
27945,2000,33158,2
27946,2000,33159,6
27950,2000,33165,1
27952,2000,33169,3
27955,2000,33183,4
27956,2000,33187,4
27958,2000,33213,2
27959,2000,33237,6
27961,2000,33247,2
27964,2000,33255,1
27965,2000,33256,2
27966,2000,33260,4
27967,2000,33289,6
27968,2000,33290,2
27969,2000,33305,1
27970,2000,33321,1
27971,2000,33328,5
27972,2000,33334,6
27973,2000,33338,4
27974,2000,33354,1
27975,2000,33356,2
27976,2000,33370,1
27978,2000,33377,2
27981,2000,33404,2
27982,2000,33410,2
27983,2000,33412,1
27985,2000,33426,6
27986,2000,33427,4
27987,2000,33428,2
27988,2000,33430,2
27989,2000,33433,2
27990,2000,33450,1
27991,2000,33452,7
27992,2000,33455,2
27993,2000,33457,6
27994,2000,33458,2
27995,2000,33459,6
27998,2000,33467,6
27999,2000,33468,2
28001,2000,33473,4
28002,2000,33482,6
28003,2000,33498,1
28004,2000,33523,1
28006,2000,33536,2
28007,2000,33539,6
28009,2000,33546,3
28010,2000,33551,6
28011,2000,33553,2
28012,2000,33560,2
28013,2000,33563,1
28015,2000,33579,1
28016,2000,33581,2
28017,2000,33589,1
28018,2000,33591,6
28021,2000,33610,3
28022,2000,33620,6
28023,2000,33626,1
28024,2000,33627,2
28025,2000,33628,3
28026,2000,33630,7
28027,2000,33631,1
28028,2000,33639,1
28029,2000,33641,4
28030,2000,33643,4
28031,2000,33650,2
28032,2000,33651,2
28033,2000,33652,5
28034,2000,33656,6
28036,2000,33668,6
28037,2000,33672,1
28038,2000,33678,2
28039,2000,33700,6
28040,2000,33702,2
28041,2000,33719,2
28043,2000,33722,6
28044,2000,33723,2
28045,2000,33728,1
28047,2000,33732,4
28049,2000,33757,3
28052,2000,33767,6
28053,2000,33772,2
28054,2000,33792,6
28055,2000,33795,2
28056,2000,33809,6
28057,2000,33826,6
28058,2000,33829,2
28060,2000,33834,1
28061,2000,33838,2
28062,2000,33841,4
28063,2000,33843,4
28064,2000,33845,2
28065,2000,33848,3
28066,2000,33891,2
28068,2000,33895,6
28069,2000,33906,6
28071,2000,33908,2
28072,2000,33909,2
28073,2000,33910,2
28075,2000,33913,1
28076,2000,33914,2
28077,2000,33915,1
28078,2000,33916,6
28079,2000,33918,4
28080,2000,33919,4
28083,2000,33922,8
28084,2000,33923,7
28085,2000,33931,1
28086,2000,33949,2
28087,2000,33961,6
28088,2000,33962,2
28089,2000,33966,2
28090,2000,33967,2
28091,2000,33968,2
28092,2000,33969,2
28093,2000,33970,4
28094,2000,33994,2
28095,2000,33998,1
28097,2000,34000,1
28098,2000,34006,2
28099,2000,34009,2
28100,2000,34010,1
28101,2000,34012,1
28102,2000,34014,6
28103,2000,34015,6
28104,2000,34017,2
28106,2000,34036,5
28108,2000,34066,8
28110,2000,34087,2
28111,2000,34088,4
28115,2000,34114,2
28116,2000,34115,6
28117,2000,34117,2
28118,2000,34136,2
28119,2000,34140,6
28120,2000,34143,1
28121,2000,34145,4
28123,2000,34162,4
28124,2000,34168,2
28125,2000,34179,2
28126,2000,34180,2
28127,2000,34196,6
28128,2000,34197,2
28129,2000,34204,6
28131,2000,34206,4
28132,2000,34208,1
28133,2000,34210,2
28134,2000,34220,2
28135,2000,34222,6
28136,2000,34223,6
28137,2000,34224,2
28138,2000,34225,1
28141,2000,34230,2
28143,2000,34259,2
28144,2000,34262,4
28145,2000,34263,2
28146,2000,34266,2
28147,2000,34268,2
28148,2000,34284,6
28150,2000,34288,1
28151,2000,34289,2
28152,2000,34293,1
28154,2000,34325,2
28156,2000,34334,1
28157,2000,34345,2
28158,2000,34370,4
28160,2000,34395,2
28161,2000,34398,1
28162,2000,34415,4
28163,2000,34416,1
28164,2000,34417,1
28165,2000,34420,4
28166,2000,34425,4
28168,2000,34438,2
28169,2000,34472,2
28170,2000,34478,1
28171,2000,34481,1
28173,2000,34492,2
28174,2000,34493,4
28176,2000,34502,6
28177,2000,34508,4
28178,2000,34512,2
28179,2000,34515,2
28182,2000,34581,6
28183,2000,34596,2
28184,2000,34600,4
28185,2000,34602,1
28186,2000,34612,1
28188,2000,34636,1
28189,2000,34638,2
28190,2000,34644,1
28191,2000,34645,2
28192,2000,34668,1
28194,2000,34678,2
28195,2000,34679,2
28197,2000,34688,6
28198,2000,34716,1
28199,2000,34727,6
28200,2000,34729,2
28201,2000,34730,1
28202,2000,34731,1
28203,2000,34736,1
28205,2000,34770,6
28206,2000,34775,2
28207,2000,34787,8
28208,2000,34801,4
28209,2000,34807,2
28210,2000,34808,2
28211,2000,34827,2
28212,2000,34830,1
28217,2000,34873,4
28219,2000,34875,4
28220,2000,34879,2
28221,2000,34880,1
28222,2000,34881,6
28223,2000,34883,3
28225,2000,34893,6
28226,2000,34896,1
28227,2000,34898,1
28228,2000,34909,1
28230,2000,34912,6
28231,2000,34919,1
28232,2000,34921,1
28233,2000,34925,2
28234,2000,34928,1
28235,2000,34929,3
28237,2000,34996,6
28238,2000,34998,8
28239,2000,34999,1
28240,2000,35010,5
28242,2000,35016,2
28244,2000,35020,2
28246,2000,35032,2
28247,2000,35033,1
28248,2000,35045,2
28249,2000,35047,4
28250,2000,35048,2
28251,2000,35049,2
28252,2000,35050,2
28253,2000,35051,2
28254,2000,35054,6
28255,2000,35055,2
28256,2000,35056,4
28257,2000,35058,2
28258,2000,35061,3
28259,2000,35062,6
28260,2000,35066,6
28261,2000,35068,4
28262,2000,35069,8
28263,2000,35070,1
28266,2000,35073,3
28267,2000,35076,1
28268,2000,35098,2
28269,2000,35101,6
28272,2000,35132,4
28274,2000,35143,4
28275,2000,35146,4
28276,2000,35148,3
28278,2000,35150,6
28279,2000,35152,1
28281,2000,35163,2
28282,2000,35165,2
28283,2000,35169,4
28284,2000,35181,3
28285,2000,35188,1
28286,2000,35222,4
28287,2000,35232,2
28288,2000,35235,4
28289,2000,35237,3
28290,2000,35256,4
28291,2000,35264,3
28292,2000,35265,1
28294,2000,35274,2
28295,2000,35277,3
28296,2000,35298,4
28297,2000,35301,2
28299,2000,35330,2
28302,2000,35341,2
28303,2000,35352,6
28304,2000,35359,6
28305,2000,35364,2
28306,2000,35426,4
28308,2000,35442,2
28310,2000,35448,4
28311,2000,35449,6
28313,2000,35451,1
28314,2000,35452,2
28315,2000,35462,1
28316,2000,35464,1
28317,2000,35476,4
28318,2000,35481,2
28319,2000,35482,1
28320,2000,35483,2
28321,2000,35495,2
28322,2000,35497,2
28323,2000,35500,1
28324,2000,35507,2
28325,2000,35509,1
28326,2000,35510,2
28327,2000,35557,4
28328,2000,35565,1
28329,2000,35566,4
28330,2000,35567,4
28332,2000,35571,2
28333,2000,35573,4
28334,2000,35589,7
28335,2000,35598,2
28336,2000,35603,1
28338,2000,35608,2
28341,2000,35621,2
28343,2000,35624,6
28344,2000,35625,4
28345,2000,35627,8
28346,2000,35634,2
28347,2000,35658,2
28348,2000,35662,2
28349,2000,35665,1
28350,2000,35666,2
28351,2000,35676,1
28352,2000,35678,4
28353,2000,35680,6
28354,2000,35683,2
28356,2000,35685,4
28357,2000,35692,5
28359,2000,35744,4
28360,2000,35755,2
28361,2000,35776,4
28362,2000,35779,4
28363,2000,35783,6
28365,2000,35791,2
28366,2000,35797,4
28368,2000,35800,4
28369,2000,35803,4
28370,2000,35825,4
28371,2000,35831,4
28372,2000,35832,3
28373,2000,35839,4
28374,2000,35846,1
28375,2000,35852,6
28378,2000,35889,4
28379,2000,35911,1
28381,2000,35916,1
28382,2000,35922,1
28384,2000,35928,2
28385,2000,35929,3
28386,2000,35935,1
28388,2000,35940,2
28389,2000,35944,6
28390,2000,35949,2
28391,2000,35950,6
28392,2000,35951,2
28394,2000,35955,6
28395,2000,35958,6
28396,2000,35959,1
28398,2000,35971,1
28399,2000,35992,1
28400,2000,35995,2
28401,2000,36002,6
28403,2000,36006,1
28404,2000,36009,1
28405,2000,36011,6
28406,2000,36014,6
28408,2000,36021,2
28409,2000,36023,5
28410,2000,36024,1
28411,2000,36029,2
28412,2000,36041,2
28413,2000,36044,4
28414,2000,36057,6
28415,2000,36076,1
28417,2000,36098,1
28418,2000,36107,4
28420,2000,36109,2
28421,2000,36110,2
28423,2000,36112,6
28425,2000,36123,4
28426,2000,36134,4
28427,2000,36135,6
28428,2000,36136,6
28429,2000,36138,8
28431,2000,36142,2
28432,2000,36155,1
28433,2000,36157,1
28434,2000,36160,4
28435,2000,36162,4
28436,2000,36163,2
28437,2000,36208,6
28438,2000,36222,2
28439,2000,36230,6
28440,2000,36232,2
28441,2000,36236,6
28442,2000,36239,1
28443,2000,36247,6
28445,2000,36274,8
28447,2000,36279,2
28448,2000,36282,2
28449,2000,36284,2
28450,2000,36285,1
28451,2000,36288,2
28452,2000,36289,4
28453,2000,36291,2
28454,2000,36294,8
28457,2000,36300,3
28458,2000,36301,1
28459,2000,36303,2
28461,2000,36308,2
28462,2000,36314,7
28463,2000,36340,1
28464,2000,36344,4
28465,2000,36351,2
28466,2000,36354,2
28467,2000,36355,6
28468,2000,36357,2
28469,2000,36358,1
28470,2000,36359,6
28471,2000,36360,3
28473,2000,36362,1
28474,2000,36369,1
28475,2000,36400,8
28476,2000,36413,2
28477,2000,36415,1
28478,2000,36421,4
28479,2000,36423,1
28480,2000,36427,6
28481,2000,36429,2
28482,2000,36430,6
28483,2000,36469,1
28484,2000,36476,1
28485,2000,36478,1
28486,2000,36479,2
28488,2000,36490,2
28489,2000,36491,1
28490,2000,36494,4
28492,2000,36496,2
28495,2000,36528,2
28496,2000,36535,4
28497,2000,36538,6
28498,2000,36539,8
28499,2000,36541,2
28500,2000,36542,1
28501,2000,36543,2
28502,2000,36547,1
28503,2000,36549,2
28505,2000,36551,5
28506,2000,36552,4
28507,2000,36555,5
28508,2000,36560,4
28509,2000,36566,2
28510,2000,36572,1
28511,2000,36604,4
28512,2000,36621,1
28513,2000,36632,1
28514,2000,36637,2
28515,2000,36643,2
28516,2000,36649,8
28517,2000,36666,2
28518,2000,36669,4
28519,2000,36670,2
28520,2000,36676,2
28521,2000,36677,2
28522,2000,36680,1
28523,2000,36684,1
28524,2000,36691,4
28525,2000,36698,2
28526,2000,36701,6
28527,2000,36702,6
28529,2000,36707,2
28530,2000,36708,1
28531,2000,36710,6
28532,2000,36713,2
28533,2000,36714,6
28534,2000,36715,2
28535,2000,36718,6
28537,2000,36725,6
28538,2000,36728,2
28539,2000,36737,1
28540,2000,36739,1
28541,2000,36747,6
28542,2000,36776,1
28543,2000,36777,4
28544,2000,36800,8
28545,2000,36805,6
28546,2000,36807,2
28547,2000,36810,3
28548,2000,36816,6
28549,2000,36818,1
28551,2000,36830,1
28553,2000,36842,1
28554,2000,36843,2
28555,2000,36854,2
28557,2000,36888,4
28558,2000,36903,1
28559,2000,36919,2
28560,2000,36928,4
28562,2000,36932,4
28563,2000,36933,1
28564,2000,36936,2
28565,2000,36971,1
28567,2000,37001,5
28568,2000,37031,4
28569,2000,37121,2
28571,2000,37141,8
28572,2000,37166,1
28573,2000,37206,2
28574,2000,37271,6
28575,2000,37276,4
28576,2000,37301,6
28577,2000,37326,4
28578,2000,37341,1
28579,2000,37381,2
28580,2000,37451,1
28581,2000,37501,1
28582,2000,37616,1
28584,2000,37696,2
28585,2000,37711,1
28586,2000,37781,2
28587,2000,37801,6
28588,2000,37816,2
28589,2000,37836,1
28590,2000,37881,2
28591,2000,37921,2
28592,2000,37961,6
28594,2000,38021,3
28595,2000,38056,2
28596,2000,38066,1
28597,2000,38096,1
28598,2000,38106,3
28599,2000,38166,6
28600,2000,38261,1
28601,2000,38276,1
28602,2000,38326,6
28603,2000,38336,3
28604,2000,38421,1
28605,2000,38496,1
28607,2000,38596,1
28610,2000,38636,1
28611,2000,38651,2
28612,2000,38656,2
28613,2000,38681,6
28614,2000,38691,1
28616,2000,38711,4
28617,2000,38741,8
28619,2000,38781,2
28620,2000,38821,3
28621,2000,38831,5
28622,2000,38846,1
28623,2000,38881,6
28624,2000,38981,1
28625,2000,39021,2
28627,2000,39076,6
28628,2000,39136,6
28629,2000,39251,2
28630,2000,39286,2
28631,2000,39296,3
28632,2000,39501,2
28633,2000,39521,2
28634,2000,39541,2
28635,2000,39556,1
28636,2000,39566,4
28637,2000,39641,2
28638,2000,39656,2
28639,2000,39661,1
28640,2000,39681,1
28641,2000,39696,1
28642,2000,39721,4
28643,2000,39851,2
28644,2000,39871,1
28645,2000,39876,4
28647,2000,39901,2
28648,2000,39916,4
28649,2000,39921,2
28650,2000,39936,2
28651,2000,40091,2
28652,2000,40096,3
28653,2000,40196,2
28654,2000,40216,2
28655,2000,40221,8
28656,2000,40271,2
28657,2000,40386,2
28658,2000,40401,4
28660,2000,40431,1
28661,2000,40441,4
28662,2000,40451,4
28663,2000,40456,3
28664,2000,40461,2
28665,2000,40466,2
28668,2000,40511,4
28669,2000,40521,7
28670,2000,40661,4
28671,2000,40671,2
28672,2000,40751,6
28673,2000,40791,2
28674,2000,40886,3
28675,2000,41056,6
28677,2000,41191,2
28678,2000,41211,4
28679,2000,41341,6
28680,2000,41361,1
28682,2000,41421,1
28683,2000,41446,2
28685,2000,41691,2
28686,2000,41711,1
28687,2000,41886,2
28688,2000,41891,1
28689,2000,41896,2
28691,2000,42106,6
28693,2000,42381,2
28694,2000,42401,4
28695,2000,42771,1
28696,2000,42811,1
28697,2000,42816,2
28698,2000,42836,6
28699,2000,42841,2
28700,2000,42891,2
28701,2000,42906,1
28702,2000,42911,1
28703,2000,42951,6
28704,2000,43001,1
28705,2000,43016,1
28706,2000,43021,1
28707,2000,43026,2
28709,2000,43076,1
28710,2000,43086,6
28712,2000,43106,1
28713,2000,43126,2
28714,2000,43131,2
28715,2000,43146,2
28716,2000,43151,2
28717,2000,43156,1
28718,2000,43161,2
28719,2000,43166,1
28720,2000,43206,1
28721,2000,43221,4
28723,2000,43281,1
28724,2000,43316,6
28726,2000,43331,4
28727,2000,43341,2
28728,2000,43371,6
28729,2000,43376,1
28730,2000,43526,1
28731,2000,43576,1
28734,2000,43626,2
28735,2000,43711,4
28736,2000,43761,4
28737,2000,43846,2
28738,2000,43931,2
28739,2000,43976,2
28741,2000,44121,2
28742,2000,44126,6
28743,2000,44136,1
28744,2000,44176,4
28746,2000,44191,2
28749,2000,44221,1
28750,2000,44256,2
28751,2000,44276,2
28752,2000,44311,6
28755,2000,44416,2
28756,2000,44456,1
28757,2000,44556,1
28758,2000,44611,4
28759,2000,44731,1
28760,2000,44756,1
28761,2000,44841,2
28762,2000,44846,6
28763,2000,44851,4
28764,2000,44906,6
28765,2000,44921,2
28766,2000,44936,4
28767,2000,44946,6
28769,2000,44971,6
28770,2000,45046,1
28771,2000,45056,2
28772,2000,45136,1
28773,2000,45191,2
28774,2000,45211,2
28775,2000,45216,6
28776,2000,45246,1
28777,2000,45256,1
28778,2000,45276,3
28779,2000,45331,4
28780,2000,45391,1
28781,2000,45396,2
28782,2000,45406,1
28783,2000,45416,1
28784,2000,45431,8
28785,2000,45451,1
28786,2000,45476,3
28787,2000,45501,1
28788,2000,45536,6
28790,2000,45601,1
28792,2000,45636,1
28793,2000,45646,2
28794,2000,45711,6
28795,2000,45716,2
28796,2000,45736,1
28797,2000,45741,1
28798,2000,45751,4
28799,2000,45761,2
28800,2000,45776,2
28801,2000,45801,8
28802,2000,45981,2
28803,2000,46026,6
28805,2000,46081,2
28806,2000,46126,1
28807,2000,46201,1
28808,2000,46211,7
28810,2000,46351,2
28811,2000,46376,2
28812,2000,46416,8
28813,2000,46426,2
28815,2000,46456,1
28816,2000,46461,1
28817,2000,46491,1
28818,2000,46576,6
28819,2000,46591,2
28820,2000,46691,2
28821,2000,46696,2
28822,2000,46716,6
28824,2000,46766,2
28825,2000,46786,1
28827,2000,46846,2
28829,2000,46861,6
28830,2000,46891,1
28831,2000,46901,1
28832,2000,47016,6
28833,2000,47061,2
28834,2000,47096,2
28835,2000,47126,1
28836,2000,47146,2
28837,2000,47151,1
28838,2000,47181,1
28839,2000,47216,6
28841,2000,47246,1
28842,2000,47256,2
28843,2000,47266,8
28845,2000,47281,1
28846,2000,47306,2
28847,2000,47311,1
28848,2000,47316,3
28853,2000,47446,1
28854,2000,47451,2
28855,2000,47461,4
28856,2000,47641,4
28857,2000,47646,2
28858,2000,47676,1
28859,2000,47746,1
28860,2000,47901,1
28862,2000,47926,2
28863,2000,47991,2
28864,2000,48071,2
28866,2000,48146,2
28867,2000,48171,1
28868,2000,48416,2
28869,2000,48466,4
28870,2000,48516,1
28872,2000,48616,2
28873,2000,48626,2
28874,2000,48636,6
28875,2000,48651,4
28876,2000,48656,1
28877,2000,48691,2
28879,2000,48701,1
28880,2000,48721,2
28881,2000,48746,2
28882,2000,48751,1
28883,2000,48766,1
28884,2000,48771,6
28887,2000,48801,4
28888,2000,48866,2
28889,2000,49001,1
28890,2000,49016,5
28891,2000,49036,2
28892,2000,49046,2
28893,2000,49086,1
28894,2000,49096,2
28895,2000,49106,1
28896,2000,49161,1
28897,2000,49261,2
28898,2000,49286,3
28899,2000,49341,1
28901,2000,49356,1
28902,2000,49366,3
28903,2000,49381,2
28904,2000,49516,6
28905,2000,49531,8
28906,2000,49551,4
28907,2000,49561,1
28908,2000,49621,3
28909,2000,49626,1
28911,2000,49656,2
28912,2000,49751,1
28913,2000,49851,2
28914,2000,49866,2
28915,2000,49911,1
28916,2000,49946,1
28917,2000,49971,2
28918,2000,49991,1
28919,2000,50076,2
28920,2000,50101,5
28921,2000,50121,6
28922,2000,50191,4
28923,2000,50211,3
28924,2000,50261,6
28925,2000,50296,3
28926,2000,50316,2
28927,2000,50321,1
28928,2000,50451,1
28929,2000,50536,1
28931,2000,50626,6
28932,2000,50636,2
28934,2000,50651,7
28935,2000,50656,4
28937,2000,50676,4
28938,2000,50681,4
28939,2000,50701,4
28940,2000,50851,5
28941,2000,50856,4
28942,2000,50861,2
28944,2000,50876,1
28945,2000,50911,2
28946,2000,50926,6
28947,2000,50966,3
28948,2000,51121,4
28950,2000,51236,6
28951,2000,51241,4
28952,2000,51261,1
28953,2000,51276,2
28954,2000,51286,1
28956,2000,51301,2
28957,2000,51321,1
28959,2000,51441,1
28961,2000,51531,1
28962,2000,51536,6
28963,2000,51621,2
28964,2000,51641,1
28965,2000,51642,4
28966,2000,51656,1
28967,2000,51662,6
28968,2000,51671,1
28969,2000,51676,2
28970,2000,51687,1
28972,2000,51706,6
28973,2000,51727,2
28974,2000,51732,6
28975,2000,51736,4
28976,2000,51737,6
28977,2000,51747,2
28978,2000,51767,2
28980,2000,51792,2
28981,2000,51796,2
28982,2000,51797,2
28984,2000,51812,1
28985,2000,51817,6
28986,2000,51836,2
28987,2000,51841,1
28988,2000,51851,1
28989,2000,51857,1
28990,2000,51916,1
28995,2000,52192,5
28996,2000,52237,4
28997,2000,52282,2
28998,2000,52287,1
28999,2000,52322,6
29000,2000,52352,1
29001,2000,52362,8
29003,2000,52437,1
29004,2000,52442,6
29005,2000,52447,2
29006,2000,52617,6
29007,2000,52742,2
29009,2000,52987,1
29010,2000,53042,1
29011,2000,53127,1
29012,2000,53147,2
29013,2000,53152,2
29014,2000,53172,6
29015,2000,53217,2
29016,2000,53262,2
29018,2000,53436,2
29020,2000,53456,5
29021,2000,53461,1
29022,2000,53546,2
29023,2000,53722,2
29024,2000,53747,1
29026,2000,53836,1
29027,2000,53941,2
29028,2000,53972,1
29029,2000,53987,6
29030,2000,53992,1
29031,2000,54007,4
29032,2000,54052,1
29034,2000,54077,1
29035,2000,54082,1
29036,2000,54092,6
29037,2000,54112,1
29038,2000,54137,4
29039,2000,54237,1
29040,2000,54267,1
29041,2000,54292,6
29042,2000,54322,2
29043,2000,54557,2
29044,2000,54562,1
29045,2000,54572,4
29046,2000,54586,3
29047,2000,54587,2
29048,2000,54592,2
29049,2000,54606,3
29050,2000,54611,3
29051,2000,54622,4
29052,2000,54627,2
29053,2000,54637,4
29054,2000,54687,4
29055,2000,54727,1
29056,2000,54732,1
29057,2000,54877,1
29058,2000,54887,2
29059,2000,54892,1
29060,2000,54907,8
29061,2000,54922,4
29062,2000,54932,6
29063,2000,54947,1
29064,2000,55032,2
29065,2000,55062,1
29066,2000,55067,1
29068,2000,55112,1
29069,2000,55396,1
29070,2000,55446,2
29071,2000,55487,1
29072,2000,55492,4
29073,2000,55587,8
29074,2000,55602,1
29076,2000,55702,1
29077,2000,55732,1
29078,2000,55777,1
29079,2000,55857,2
29080,2000,55861,1
29081,2000,55866,1
29082,2000,55881,1
29083,2000,55906,2
29084,2000,55921,1
29085,2000,56011,3
29086,2000,56012,4
29087,2000,56016,2
29089,2000,56092,4
29090,2000,56102,1
29091,2000,56142,1
29092,2000,56222,2
29093,2000,56231,4
29094,2000,56241,2
29095,2000,56251,4
29096,2000,56266,6
29097,2000,56276,1
29098,2000,56281,6
29099,2000,56301,2
29100,2000,56401,2
29101,2000,56481,1
29103,2000,56547,1
29104,2000,56572,2
29105,2000,56707,3
29106,2000,56717,2
29108,2000,56752,1
29109,2000,56756,4
29110,2000,56761,3
29111,2000,56786,1
29113,2000,56836,1
29114,2000,56837,6
29115,2000,56842,1
29116,2000,56852,6
29117,2000,56892,6
29119,2000,56907,1
29120,2000,56912,4
29121,2000,56922,2
29122,2000,56926,2
29123,2000,56931,2
29124,2000,56942,6
29125,2000,56946,2
29126,2000,56962,2
29127,2000,57012,1
29128,2000,57047,6
29129,2000,57057,3
29130,2000,57087,2
29131,2000,57092,1
29132,2000,57101,2
29133,2000,57112,2
29134,2000,57137,2
29135,2000,57142,2
29136,2000,57162,3
29137,2000,57172,2
29138,2000,57187,1
29139,2000,57197,2
29140,2000,57207,4
29141,2000,57212,1
29142,2000,57227,1
29143,2000,57232,2
29144,2000,57276,2
29145,2000,57311,6
29146,2000,57317,6
29147,2000,57502,2
29148,2000,57517,6
29149,2000,57547,4
29150,2000,57607,2
29151,2000,57637,1
29152,2000,57667,6
29153,2000,57712,2
29154,2000,57717,3
29155,2000,57772,2
29156,2000,57816,2
29157,2000,57826,3
29158,2000,57842,2
29159,2000,57851,1
29161,2000,57861,2
29162,2000,57862,4
29164,2000,57872,2
29165,2000,57902,1
29166,2000,57931,1
29167,2000,57936,1
29168,2000,58016,6
29169,2000,58116,2
29170,2000,58127,2
29171,2000,58166,4
29172,2000,58236,1
29173,2000,58241,1
29174,2000,58356,2
29175,2000,58396,1
29176,2000,58526,1
29177,2000,58531,1
29178,2000,58657,1
29179,2000,58662,1
29180,2000,58686,6
29181,2000,58687,1
29182,2000,58696,4
29183,2000,58712,2
29184,2000,58717,2
29185,2000,58731,2
29187,2000,58766,3
29188,2000,58767,1
29189,2000,58772,2
29190,2000,58846,1
29191,2000,58866,2
29192,2000,58871,2
29193,2000,58886,4
29194,2000,58901,2
29195,2000,58902,1
29196,2000,58907,1
29197,2000,58921,6
29198,2000,58961,1
29199,2000,58962,2
29200,2000,58967,1
29201,2000,58972,1
29202,2000,58981,2
29203,2000,58982,1
29204,2000,58991,1
29205,2000,58992,2
29206,2000,59002,2
29207,2000,59071,1
29208,2000,59091,1
29209,2000,59281,1
29210,2000,59296,1
29211,2000,59311,1
29212,2000,59466,1
29213,2000,59476,1
29214,2000,59486,2
29215,2000,59601,1
29216,2000,59621,1
29217,2000,59631,1
29218,2000,59636,2
29219,2000,59661,2
29220,2000,59671,4
29221,2000,59676,1
29222,2000,59686,6
29223,2000,59696,1
29224,2000,59821,6
29225,2000,59846,2
29226,2000,59866,3
29227,2000,59896,4
29228,2000,59901,2
29229,2000,59906,2
29230,2000,59916,1
29231,2000,59922,1
29232,2000,60056,1
29233,2000,60071,6
29234,2000,60091,2
29235,2000,60096,1
29236,2000,60156,3
29238,2000,60206,1
29239,2000,60216,5
29240,2000,60251,1
29241,2000,60301,1
29242,2000,60346,2
29243,2000,60396,2
29244,2000,60436,2
29245,2000,60441,6
29246,2000,60456,1
29247,2000,60461,3
29248,2000,60547,1
29249,2000,60562,2
29250,2000,60591,1
29251,2000,60617,4
29252,2000,60632,1
29253,2000,60642,1
29254,2000,60647,1
29255,2000,60657,1
29256,2000,60692,1
29257,2000,60722,1
29258,2000,60727,6
29259,2000,60742,8
29260,2000,60752,4
29261,2000,60807,1
29262,2000,60832,2
29263,2000,60842,8
29264,2000,60847,2
29265,2000,60857,4
29266,2000,60867,2
29267,2000,60872,2
29268,2000,60902,2
29269,2000,60957,2
29270,2000,60962,1
29271,2000,61112,1
29272,2000,61116,2
29273,2000,61127,2
29274,2000,61192,4
29275,2000,61287,2
29276,2000,61332,2
29277,2000,61397,6
29278,2000,61427,1
29279,2000,61502,1
29280,2000,61552,1
29281,2000,61587,2
29282,2000,61622,1
29283,2000,61632,6
29284,2000,61662,2
29285,2000,61687,4
29286,2000,61692,1
29287,2000,61702,1
29288,2000,61706,1
29289,2000,61717,6
29290,2000,61752,2
29291,2000,61797,2
29292,2000,61807,1
29293,2000,61812,1
29294,2000,61827,2
29295,2000,61837,1
29296,2000,61857,1
29297,2000,61867,1
29298,2000,61877,1
29299,2000,61907,4
29300,2000,61912,1
29301,2000,61922,4
29302,2000,62062,1
29303,2000,62067,6
29304,2000,62082,4
29305,2000,62097,1
29306,2000,62107,2
29307,2000,62162,2
29308,2000,62202,3
29309,2000,62212,3
29310,2000,62242,3
29312,2000,62397,6
29313,2000,62472,8
29314,2000,62682,6
29315,2000,62687,1
29316,2000,62727,2
29317,2000,62737,4
29319,2000,62777,2
29320,2000,62812,4
29321,2000,62817,1
29322,2000,62847,6
29323,2000,62887,1
29325,2000,62947,1
29326,2000,62962,4
29327,2000,62997,3
29328,2000,63047,2
29330,2000,63167,6
29331,2000,63217,2
29332,2000,63227,4
29334,2000,63382,6
29335,2000,63402,7
29337,2000,63417,2
29338,2000,63422,1
29339,2000,63437,2
29340,2000,63462,1
29341,2000,63647,1
29342,2000,63657,7
29344,2000,63792,1
29345,2000,63817,1
29346,2000,63957,2
29347,2000,63962,2
29348,2000,64012,2
29349,2000,64022,6
29351,2000,64142,2
29352,2000,64147,2
29353,2000,64157,1
29354,2000,64197,4
29355,2000,64232,2
29356,2000,64247,1
29357,2000,64302,1
29358,2000,64422,4
29361,2000,64532,1
29362,2000,64537,2
29363,2000,64552,2
29364,2000,64562,8
29365,2000,64577,2
29366,2000,64597,1
29367,2000,64622,3
29368,2000,64652,1
29369,2000,64677,2
29370,2000,64687,2
29371,2000,64697,1
29372,2000,64747,4
29373,2000,64767,1
29374,2000,64822,8
29375,2000,64827,4
29376,2000,64907,1
29377,2000,65027,3
29378,2000,65077,1
29379,2000,65107,2
29380,2000,65117,2
29381,2000,65127,1
29382,2000,65192,4
29383,2000,65247,4
29384,2000,65267,2
29385,2000,65282,1
29386,2000,65327,2
29387,2000,65377,6
29388,2000,65402,2
29389,2000,65412,2
29390,2000,65422,1
29391,2000,65452,2
29392,2000,65467,1
29393,2000,65482,2
29394,2000,65497,2
29395,2000,65592,2
29396,2000,65617,4
29397,2000,65672,6
29398,2000,65807,2
29399,2000,65852,1
29400,2000,65892,2
29401,2000,65917,4
29402,2000,65952,6
29403,2000,65967,4
29404,2000,66062,2
29405,2000,66092,1
29406,2000,66152,2
29407,2000,66172,1
29408,2000,66182,2
29409,2000,66232,2
29410,2000,66257,1
29412,2000,66287,4
29413,2000,66322,6
29414,2000,66342,1
29415,2000,66362,1
29416,2000,66372,2
29418,2000,66542,1
29419,2000,66562,6
29420,2000,66577,1
29421,2000,66597,3
29423,2000,66652,4
29424,2000,66657,2
29425,2000,66697,1
29426,2000,66737,2
29427,2000,66742,6
29428,2000,66752,2
29430,2000,66767,1
29431,2000,66777,1
29432,2000,66787,1
29433,2000,66797,1
29434,2000,66812,2
29435,2000,66832,4
29437,2000,66857,2
29438,2000,66867,2
29439,2000,66892,6
29440,2000,66972,2
29441,2000,66982,4
29444,2000,67127,3
29445,2000,67142,2
29446,2000,67152,2
29447,2000,67177,4
29448,2000,67207,1
29449,2000,67222,2
29450,2000,67227,2
29451,2000,67307,2
29452,2000,67352,2
29453,2000,67377,6
29454,2000,67417,6
29455,2000,67447,2
29456,2000,67462,2
29458,2000,67512,2
29459,2000,67632,4
29460,2000,67647,4
29461,2000,67702,2
29462,2000,67757,1
29463,2000,67767,4
29464,2000,67792,2
29465,2000,67832,1
29466,2000,67837,1
29467,2000,67842,1
29469,2000,67872,4
29470,2000,67877,4
29471,2000,67902,1
29472,2000,67907,3
29473,2000,67912,2
29474,2000,67922,1
29475,2000,67937,1
29476,2000,67982,3
29477,2000,67992,2
29479,2000,68027,2
29480,2000,68057,1
29481,2000,68062,2
29482,2000,68072,4
29483,2000,68092,1
29484,2000,68117,1
29485,2000,68132,1
29486,2000,68162,2
29487,2000,68177,1
29488,2000,68277,1
29489,2000,68282,2
29490,2000,68287,1
29491,2000,68297,2
29492,2000,68387,2
29493,2000,68462,2
29495,2000,68827,6
29496,2000,68862,4
29497,2000,68867,1
29498,2000,68872,4
29499,2000,68877,1
29500,2000,68882,3
29501,2000,68887,1
29502,2000,68902,6
29503,2000,68907,2
29504,2000,68957,1
29505,2000,68997,1
29506,2000,69002,1
29507,2000,69007,1
29508,2000,69022,1
29509,2000,69062,2
29510,2000,69112,6
29511,2000,69142,6
29512,2000,69187,2
29513,2000,69212,4
29514,2000,69227,2
29515,2000,69252,3
29516,2000,69262,2
29517,2000,69302,2
29518,2000,69322,4
29519,2000,69377,1
29520,2000,69432,5
29521,2000,69507,1
29522,2000,69517,2
29524,2000,69557,1
29525,2000,69562,6
29527,2000,69577,2
29528,2000,69637,1
29529,2000,69647,2
29530,2000,69652,2
29531,2000,69667,2
29532,2000,69672,1
29533,2000,69712,2
29534,2000,69762,2
29535,2000,69807,1
29536,2000,69932,3
29537,2000,70192,4
29538,2000,70197,4
29540,2000,70227,4
29541,2000,70252,1
29542,2000,70267,2
29543,2000,70282,2
29544,2000,70312,3
29545,2000,70317,4
29546,2000,70397,4
29547,2000,70402,2
29548,2000,70407,1
29549,2000,70412,2
29550,2000,70446,2
29551,2000,70447,2
29552,2000,70452,3
29553,2000,70457,6
29554,2000,70462,1
29555,2000,70547,2
29556,2000,70562,1
29557,2000,70572,2
29558,2000,70587,2
29559,2000,70602,2
29560,2000,70622,1
29561,2000,70632,2
29562,2000,70637,3
29564,2000,70707,1
29565,2000,70717,2
29566,2000,70722,1
29567,2000,70727,2
29568,2000,70737,1
29570,2000,70747,2
29571,2000,70752,2
29572,2000,70757,2
29573,2000,70767,2
29574,2000,70772,6
29576,2000,70797,1
29577,2000,70802,4
29578,2000,70822,1
29579,2000,70837,2
29581,2000,70872,1
29582,2000,70877,2
29583,2000,70902,4
29584,2000,70922,2
29585,2000,70927,1
29586,2000,70932,2
29588,2000,70952,2
29589,2000,70972,2
29590,2000,70977,1
29591,2000,70982,1
29592,2000,70997,6
29593,2000,71017,2
29594,2000,71047,1
29595,2000,71087,2
29596,2000,71112,2
29597,2000,71127,1
29598,2000,71137,1
29599,2000,71162,6
29600,2000,71172,3
29601,2000,71177,4
29602,2000,71182,6
29603,2000,71202,4
29605,2000,71232,1
29606,2000,71242,1
29607,2000,71301,1
29608,2000,78292,2
29609,2000,78422,1
29610,2000,78452,1
29611,2000,78482,6
29612,2000,78602,3
29613,2000,78607,4
29614,2000,78612,2
29615,2000,78622,1
29616,2000,78652,1
29617,2000,78662,3
29618,2000,78667,6
29619,2000,78742,2
29620,2000,81217,2
29621,2000,81227,2
29622,2000,81292,2
29623,2000,81322,1
29624,2000,81342,1
29625,2000,81372,6
29626,2000,81392,2
29627,2000,81402,1
29628,2000,81407,2
29630,2000,81437,2
29631,2000,81452,1
29632,2000,81467,1
29633,2000,81547,1
29634,2000,81557,6
29635,2000,81582,1
29636,2000,81632,2
29637,2000,81677,4
29638,2000,81697,6
29639,2000,81712,3
29641,2000,81747,2
29642,2000,81772,2
29643,2000,81777,1
29644,2000,81787,2
29645,2000,81807,1
29646,2000,81817,4
29647,2000,81832,4
29648,2000,81842,1
29649,2000,81852,7
29650,2000,81857,2
29651,2000,81892,2
29652,2000,81912,6
29653,2000,81927,2
29654,2000,81962,6
29655,2000,81992,8
29657,2000,82137,8
29658,2000,82147,2
29659,2000,82152,2
29660,2000,82167,2
29661,2000,82172,2
29662,2000,82207,3
29663,2000,82252,1
29664,2000,82267,1
29665,2000,82412,6
29666,2000,82427,2
29667,2000,82437,2
29668,2000,82487,1
29669,2000,82497,2
29670,2000,82532,4
29671,2000,82662,6
29672,2000,82667,4
29673,2000,82677,1
29674,2000,82697,3
29675,2000,82707,4
29676,2000,82737,1
29677,2000,82742,2
29678,2000,82747,2
29679,2000,82767,1
29680,2000,82772,2
29681,2000,82827,2
29682,2000,82832,1
29683,2000,82837,6
29684,2000,82877,4
29685,2000,82887,2
29686,2000,82897,2
29687,2000,82922,1
29688,2000,82947,2
29689,2000,82957,1
29690,2000,82972,4
29691,2000,82982,3
29693,2000,83017,1
29694,2000,83027,6
29695,2000,83037,2
29696,2000,83052,2
29697,2000,83072,2
29698,2000,83082,2
29699,2000,83097,1
29700,2000,83187,2
29701,2000,83232,5
29702,2000,83237,1
29703,2000,83252,6
29704,2000,83272,4
29705,2000,83307,1
29706,2000,83317,1
29707,2000,83327,2
29708,2000,83337,1
29709,2000,83362,1
29710,2000,83382,6
29711,2000,83387,6
29712,2000,83392,5
29713,2000,83397,4
29714,2000,83412,2
29715,2000,83432,1
29716,2000,83502,1
29717,2000,83517,1
29718,2000,83522,1
29719,2000,83527,3
29720,2000,83532,3
29721,2000,83567,1
29722,2000,83612,1
29723,2000,83657,1
29725,2000,83672,3
29726,2000,83682,6
29727,2000,83687,4
29728,2000,83702,2
29729,2000,83752,2
29730,2000,83757,2
29731,2000,83762,2
29732,2000,83767,6
29733,2000,83777,1
29734,2000,83797,2
29735,2000,83807,6
29736,2000,83867,2
29737,2000,83872,1
29738,2000,83877,1
29739,2000,83907,2
29740,2000,83917,6
29741,2000,83932,4
29742,2000,83937,6
29743,2000,83947,2
29744,2000,83957,4
29745,2000,83972,6
29746,2000,83982,6
29747,2000,83992,4
29748,2000,83997,2
29749,2000,84022,5
29750,2000,84052,2
29751,2000,84062,8
29752,2000,84142,2
29754,2000,84217,2
29755,2000,84247,1
29756,2000,84282,1
29757,2000,84317,4
29758,2000,84362,1
29759,2000,84371,2
29760,2000,84382,4
29761,2000,84411,3
29762,2000,84447,2
29763,2000,84472,2
29764,2000,84527,2
29765,2000,84572,1
29766,2000,84577,2
29767,2000,84582,2
29768,2000,84632,2
29769,2000,84637,2
29770,2000,84642,2
29771,2000,84652,2
29772,2000,84662,1
29773,2000,84677,4
29774,2000,84682,8
29775,2000,84692,4
29776,2000,84697,2
29777,2000,84707,4
29778,2000,84747,1
29779,2000,85012,2
29780,2000,85072,1
29781,2000,85092,1
29782,2000,85162,3
29783,2000,85182,6
29784,2000,85187,2
29785,2000,85227,6
29786,2000,85372,2
29787,2000,85517,1
29788,2000,85582,1
29789,2000,85597,2
29790,2000,85657,2
29791,2000,85717,2
29792,2000,85727,6
29793,2000,85777,1
29794,2000,85802,1
29795,2000,85827,1
29796,2000,85847,1
29797,2000,85857,1
29798,2000,85872,1
29799,2000,85882,2
29800,2000,85887,2
29801,2000,85917,1
29802,2000,85922,4
29803,2000,85962,1
29804,2000,85977,4
29805,2000,85992,1
29806,2000,86057,4
29807,2000,86077,1
29808,2000,86122,2
29809,2000,86142,1
29810,2000,86147,4
29811,2000,86157,2
29812,2000,86167,1
29813,2000,86212,1
29814,2000,86217,2
29815,2000,86242,3
29816,2000,86247,3
29817,2000,86257,1
29818,2000,86322,2
29819,2000,86337,2
29820,2000,86347,2
29821,2000,86362,2
29822,2000,86402,1
29823,2000,86457,1
29824,2000,86472,2
29825,2000,86542,2
29826,2000,86547,2
29827,2000,86552,1
29828,2000,86572,1
29829,2000,86582,1
29830,2000,86592,3
29831,2000,86597,2
29832,2000,86627,2
29833,2000,86632,6
29834,2000,86647,4
29835,2000,86692,2
29836,2000,86711,2
29837,2000,86767,4
29838,2000,86807,2
29839,2000,86812,1
29840,2000,86842,1
29841,2000,86867,2
29842,2000,86917,6
29843,2000,86947,3
29844,2000,87042,1
29846,2000,87107,1
29847,2000,87112,1
29848,2000,87122,4
29849,2000,87127,1
29850,2000,87147,1
29851,2000,87157,1
29853,2000,87187,1
29854,2000,87207,1
29855,2000,87227,2
29856,2000,87257,2
29857,2000,87277,2
29858,2000,87287,1
29859,2000,87352,4
29860,2000,87357,2
29861,2000,87367,4
29862,2000,87372,2
29863,2000,87397,1
29864,2000,87452,3
29865,2000,87497,2
29866,2000,87507,6
29867,2000,87517,3
29868,2000,87527,1
29869,2000,87577,2
29870,2000,87647,8
29871,2000,87677,4
29873,2000,87817,1
29874,2000,87842,4
29875,2000,88057,2
29876,2000,88087,1
29877,2000,88097,2
29878,2000,88107,1
29879,2000,88127,1
29880,2000,88142,3
29881,2000,88152,1
29882,2000,88156,1
29883,2000,88157,1
29884,2000,88172,6
29885,2000,88267,2
29886,2000,88282,2
29887,2000,88377,4
29889,2000,88387,1
29891,2000,88417,4
29892,2000,88427,2
29893,2000,88437,1
29894,2000,88457,2
29895,2000,88502,1
29896,2000,88512,1
29897,2000,88542,3
29899,2000,88582,2
29900,2000,88597,1
29901,2000,88602,2
29902,2000,88617,4
29903,2000,88762,2
29904,2000,88772,1
29905,2000,88782,2
29906,2000,88787,6
29907,2000,88792,2
29908,2000,88802,1
29909,2000,88812,6
29910,2000,88827,2
29912,2000,88862,2
29913,2000,88882,2
29915,2000,88937,1
29916,2000,88967,2
29918,2000,89012,2
29919,2000,89017,1
29920,2000,89022,2
29921,2000,89067,1
29922,2000,89117,1
29923,2000,89142,2
29924,2000,89177,1
29925,2000,89227,2
29926,2000,89257,2
29927,2000,89267,2
29928,2000,89352,6
29929,2000,89407,2
29930,2000,89432,3
29931,2000,89442,1
29932,2000,89452,1
29933,2000,89757,1
29935,2000,89842,2
29937,2000,89887,1
29938,2000,89902,1
29939,2000,89987,1
29940,2000,90012,6
29941,2000,90022,2
29942,2000,90032,6
29944,2000,90062,1
29945,2000,90097,1
29946,2000,90107,4
29947,2000,90152,2
29948,2000,90267,4
29949,2000,90302,2
29950,2000,90342,2
29951,2000,90352,2
29952,2000,90357,1
29954,2000,90367,1
29955,2000,90372,1
29956,2000,90377,2
29957,2000,90382,2
29958,2000,90392,1
29959,2000,90402,2
29960,2000,90427,1
29961,2000,90437,2
29962,2000,90487,2
29963,2000,90492,1
29964,2000,90497,2
29965,2000,90512,2
29966,2000,90522,2
29967,2000,90547,6
29968,2000,90557,6
29969,2000,90572,1
29970,2000,90582,3
29971,2000,90602,4
29972,2000,90607,2
29973,2000,90652,4
29974,2000,90662,1
29975,2000,90667,4
29976,2000,90677,2
29977,2000,90682,2
29978,2000,90702,2
29979,2000,90717,1
29980,2000,90802,6
29981,2000,90831,1
29982,2000,90922,6
29983,2000,90972,1
29984,2000,90982,1
29985,2000,91012,2
29986,2000,91057,1
29987,2000,91067,2
29988,2000,91102,2
29989,2000,91172,1
29992,2000,91242,2
29993,2000,91287,1
29994,2000,91302,2
29995,2000,91317,1
29998,2000,91457,1
29999,2000,91467,3
30000,2000,91522,3
30001,2000,91607,3
30002,2000,91622,6
30003,2000,91627,6
30004,2000,91647,1
30005,2000,91672,6
30006,2000,91712,1
30008,2000,91812,6
30009,2000,91837,3
30010,2000,91852,2
30011,2000,91902,1
30012,2000,91927,2
30013,2000,91947,1
30014,2000,91982,2
30015,2000,91987,2
30016,2000,92012,4
30017,2000,92057,1
30018,2000,92062,6
30019,2000,92092,1
30020,2000,92137,2
30022,2000,92237,1
30023,2000,92257,1
30024,2000,92272,2
30025,2000,92302,2
30026,2000,92307,2
30027,2000,92317,1
30028,2000,92337,1
30029,2000,92342,1
30030,2000,92347,1
30031,2000,92352,2
30032,2000,92412,4
30033,2000,92457,8
30034,2000,92527,2
30035,2000,92592,2
30036,2000,92606,4
30037,2000,92622,1
30038,2000,92682,4
30039,2000,92782,1
30040,2000,92787,1
30041,2000,92842,6
30042,2000,92852,1
30043,2000,92857,4
30044,2000,92882,4
30045,2000,92932,1
30046,2000,92937,2
30047,2000,92987,1
30048,2000,93057,2
30049,2000,93117,1
30050,2000,93162,2
30051,2000,102602,2
30052,2000,102702,4
30053,2000,102757,1
30054,2000,102787,2
30055,2000,102797,5
30056,2000,102867,1
30057,2000,102882,2
30058,2000,102887,3
30059,2000,102907,1
30060,2000,102922,2
30061,2000,102927,1
30062,2000,102952,2
30063,2000,102972,3
30064,2000,103027,1
30065,2000,103092,1
30066,2000,103112,2
30067,2000,103117,3
30068,2000,103122,1
30069,2000,103137,1
30070,2000,103147,2
30071,2000,103157,3
30072,2000,103182,4
30073,2000,103217,6
30074,2000,103222,1
30075,2000,103232,1
30077,2000,103262,5
30079,2000,103332,2
30080,2000,103392,1
30081,2000,103517,4
30082,2000,103567,2
30083,2000,103662,1
30084,2000,103722,1
30085,2000,103742,1
30086,2000,103757,1
30087,2000,103782,2
30088,2000,103802,3
30090,2000,103882,3
30091,2000,103917,2
30092,2000,103942,1
30093,2000,104027,3
30094,2000,104032,1
30095,2000,104057,4
30096,2000,104107,1
30097,2000,104132,3
30098,2000,104137,2
30099,2000,104162,2
30100,2000,104192,4
30101,2000,104197,4
30102,2000,104207,2
30103,2000,104227,4
30104,2000,104277,1
30105,2000,104297,2
30106,2000,104317,5
30107,2000,104457,6
30108,2000,104572,1
30109,2000,104582,4
30110,2000,104602,4
30111,2000,104612,1
30112,2000,104652,1
30113,2000,104717,1
30114,2000,104812,2
30115,2000,104842,2
30116,2000,104867,2
30117,2000,104882,1
30118,2000,104887,2
30119,2000,104907,2
30120,2000,104922,3
30121,2000,104942,4
30122,2000,104947,1
30123,2000,104962,1
30124,2000,104972,3
30125,2000,104977,4
30126,2000,104987,2
30127,2000,105017,2
30128,2000,105032,1
30129,2000,105042,2
30130,2000,105047,6
30131,2000,105067,1
30132,2000,105072,2
30133,2000,105122,1
30134,2000,105227,2
30135,2000,105342,2
30136,2000,105367,3
30137,2000,105372,1
30138,2000,105377,1
30139,2000,105417,1
30140,2000,105427,6
30141,2000,105492,1
30143,2000,105592,1
30144,2000,105602,2
30145,2000,105622,2
30146,2000,105662,1
30147,2000,105667,2
30148,2000,105677,3
30149,2000,105697,1
30150,2000,105747,1
30151,2000,105752,2
30152,2000,105797,1
30153,2000,105802,1
30154,2000,105837,1
30155,2000,105842,2
30156,2000,105852,6
30157,2000,105857,1
30158,2000,105862,4
30159,2000,105867,2
30161,2000,105892,2
30162,2000,105907,6
30163,2000,105932,1
30164,2000,105937,4
30165,2000,105942,1
30166,2000,106012,1
30167,2000,106017,1
30168,2000,106027,2
30169,2000,106037,2
30170,2000,106077,6
30171,2000,106087,1
30172,2000,106107,1
30173,2000,106167,4
30174,2000,106207,2
30175,2000,106212,2
30177,2000,106247,1
30178,2000,106252,2
30179,2000,106267,2
30180,2000,106277,1
30181,2000,106287,1
30182,2000,106327,6
30183,2000,106337,1
30184,2000,106367,6
30185,2000,106377,1
30186,2000,106382,1
30188,2000,106397,3
30189,2000,106407,1
30192,2000,106512,1
30193,2000,106597,6
30194,2000,106615,3
30195,2000,106675,2
30196,2000,140006,1
30197,2000,140007,5
30198,2000,140023,4
30199,2000,140024,1
30200,2000,140025,1
30201,2000,140036,1
30202,2000,140037,1
30203,2000,140044,2
30205,2000,140062,4
30206,2000,140065,2
30207,2000,140082,1
30208,2000,140091,1
30209,2000,140096,4
30210,2000,140108,6
30211,2000,140110,1
30212,2000,140112,2
30213,2000,140114,1
30214,2000,140116,2
30215,2000,140124,2
30216,2000,140126,1
30217,2000,140128,1
30218,2000,140132,8
30221,2000,140148,1
30222,2000,140158,1
30223,2000,140161,1
30224,2000,140163,2
30225,2000,140164,6
30226,2000,140166,2
30227,2000,140176,3
30228,2000,140178,2
30229,2000,140182,2
30230,2000,140188,1
30231,2000,140197,2
30232,2000,140198,1
30233,2000,140199,1
30234,2000,140200,1
30235,2000,140204,6
30236,2000,140216,1
30237,2000,140217,1
30238,2000,140219,1
30239,2000,140221,6
30240,2000,140230,3
30241,2000,140238,1
30242,2000,140239,1
30243,2000,140243,1
30244,2000,140250,1
30245,2000,140284,1
30246,2000,140293,2
30247,2000,140351,1
30248,2000,140363,6
30249,2000,140364,2
30250,2000,140366,3
30251,2000,140388,8
30252,2000,140396,4
30253,2000,140418,2
30254,2000,140437,6
30255,2000,140446,2
30256,2000,140449,3
30257,2000,140450,1
30258,2000,140463,1
30259,2000,140492,1
30260,2000,140497,2
30261,2000,140505,6
30262,2000,140517,1
30264,2000,140522,1
30265,2000,140525,1
30266,2000,140549,8
30267,2000,140551,2
30268,2000,140555,4
30269,2000,140556,1
30270,2000,140557,2
30271,2000,140561,1
30272,2000,140563,2
30273,2000,140565,6
30274,2000,140566,1
30275,2000,140580,2
30277,2000,140596,2
30278,2000,140602,1
30279,2000,140607,1
30280,2000,140630,1
30281,2000,140633,6
30282,2000,140654,4
30283,2000,140665,3
30284,2000,140686,2
30285,2000,140688,4
30286,2000,140689,1
30287,2000,140690,1
30288,2000,140692,1
30289,2000,140700,1
30290,2000,140701,1
30291,2000,140702,1
30292,2000,140704,2
30293,2000,140716,1
30294,2000,140727,2
30295,2000,140743,1
30296,2000,140744,2
30297,2000,140749,1
30298,2000,140756,2
30299,2000,140757,1
30300,2000,140759,5
30301,2000,140768,3
30302,2000,140769,2
30303,2000,140770,5
30304,2000,140785,3
30305,2000,140791,1
30306,2000,140798,1
30307,2000,140804,1
30309,2000,140813,1
30310,2000,140816,2
30311,2000,140826,1
30312,2000,140833,1
30313,2000,140834,1
30314,2000,140843,3
30315,2000,140848,1
30316,2000,140851,1
30317,2000,140853,3
30318,2000,140854,1
30319,2000,140874,1
30320,2000,140879,2
30321,2000,140887,1
30322,2000,140890,1
30323,2000,140913,8
30324,2000,140914,2
30325,2000,140915,1
30326,2000,140919,1
30328,2000,140927,1
30329,2000,140928,5
30330,2000,140940,1
30331,2000,140944,6
30332,2000,140955,2
30333,2000,140957,3
30334,2000,140962,1
30335,2000,140972,2
30336,2000,140982,2
30337,2000,140988,1
30338,2000,140989,2
30339,2000,140990,1
30340,2000,140993,4
30341,2000,140995,6
30342,2000,140996,1
30343,2000,141045,4
30344,2000,141096,1
30345,2000,141126,2
30346,2000,141127,2
30348,2000,141132,1
30349,2000,141135,6
30351,2000,141172,1
30352,2000,141185,2
30353,2000,141195,8
30354,2000,141197,1
30355,2000,141214,3
30356,2000,141224,1
30358,2000,141230,1
30359,2000,141239,2
30360,2000,141248,1
30361,2000,141253,2
30362,2000,141255,1
30363,2000,141259,2
30364,2000,141268,2
30365,2000,141286,2
30366,2000,141287,1
30367,2000,141318,1
30368,2000,141331,1
30369,2000,141339,2
30370,2000,141343,1
30371,2000,141345,1
30372,2000,141365,1
30373,2000,141376,1
30374,2000,141400,1
30375,2000,141402,1
30376,2000,141414,2
30377,2000,141415,2
30378,2000,141417,2
30379,2000,141446,1
30380,2000,141458,2
30381,2000,141495,1
30382,2000,141502,6
30383,2000,141504,1
30384,2000,141506,1
30385,2000,141509,2
30386,2000,141511,2
30387,2000,141512,1
30388,2000,141518,4
30390,2000,141523,2
30391,2000,141554,1
30392,2000,141557,1
30393,2000,141588,1
30394,2000,141598,2
30395,2000,141601,1
30396,2000,141615,2
30397,2000,141620,3
30398,2000,141654,4
30399,2000,141668,1
30400,2000,141669,4
30401,2000,141684,2
30403,2000,141690,6
30404,2000,141698,2
30405,2000,141721,3
30406,2000,141727,2
30407,2000,141731,3
30408,2000,141735,1
30409,2000,141737,6
30410,2000,141742,2
30411,2000,141759,1
30412,2000,141760,5
30413,2000,141768,6
30414,2000,141770,1
30415,2000,141773,1
30416,2000,141781,1
30417,2000,141792,1
30418,2000,141793,2
30419,2000,141798,1
30420,2000,141811,2
30421,2000,141829,4
30422,2000,141858,3
30423,2000,141863,2
30424,2000,141865,1
30425,2000,141869,1
30426,2000,141875,1
30427,2000,141912,3
30428,2000,141915,2
30429,2000,141916,1
30430,2000,141923,4
30431,2000,141960,1
30432,2000,141964,2
30433,2000,141966,1
30434,2000,141967,1
30436,2000,141974,1
30437,2000,141982,2
30438,2000,142013,2
30439,2000,142039,6
30440,2000,142069,2
30441,2000,142089,3
30442,2000,142090,2
30443,2000,142091,5
30444,2000,142092,1
30445,2000,142093,7
30446,2000,142098,2
30447,2000,142102,1
30448,2000,142103,6
30449,2000,142105,1
30450,2000,142106,6
30451,2000,142113,8
30452,2000,142117,1
30453,2000,142122,1
30454,2000,142137,2
30455,2000,142138,1
30456,2000,142144,1
30457,2000,142148,2
30458,2000,142156,1
30459,2000,142161,1
30460,2000,142170,4
30461,2000,142173,6
30462,2000,142177,2
30463,2000,142178,1
30464,2000,142192,2
30465,2000,142195,6
30466,2000,142196,1
30467,2000,142198,1
30468,2000,142202,2
30469,2000,142209,1
30470,2000,142263,1
30471,2000,142269,4
30472,2000,160039,2
30473,2000,160105,4
30474,2000,180005,2
30475,2000,180006,4
30476,2000,180010,1
30477,2000,180015,1
30478,2000,180017,1
30479,2000,180023,2
30480,2000,180032,2
30481,2000,180042,2
30482,2000,180044,1
30483,2000,180049,6
30484,2000,180057,2
30485,2000,180072,1
30486,2000,180085,1
30487,2000,180086,1
30488,2000,180088,1
30489,2000,180094,1
30490,2000,180098,1
30491,2000,180100,1
30492,2000,180130,2
30493,2000,180154,1
30494,2000,180161,4
30495,2000,180289,1
30496,2000,180294,3
30497,2000,180319,2
30498,2000,180320,1
30499,2000,180351,1
30500,2000,180361,1
30501,2000,180363,1
30502,2000,180366,1
30503,2000,180370,8
30504,2000,180373,1
30505,2000,180374,6
30506,2000,180382,1
30507,2000,180386,1
30508,2000,180409,1
30509,2000,180412,1
30510,2000,180415,6
30511,2000,180419,2
30512,2000,180436,1
30513,2000,180469,4
30514,2000,180471,4
30515,2000,180472,1
30516,2000,180473,2
30517,2000,180480,1
30518,2000,180483,1
30519,2000,180517,4
30520,2000,180538,8
30521,2000,180547,1
30522,2000,180548,3
30523,2000,180570,1
30524,2000,180576,1
30525,2000,180596,2
30526,2000,180602,1
30527,2000,180603,2
30528,2000,180604,2
30529,2000,180608,1
30530,2000,180611,1
30531,2000,180613,4
30532,2000,180614,2
30533,2000,180620,6
30534,2000,180621,4
30535,2000,180623,7
30536,2000,180629,4
30537,2000,180631,1
30538,2000,180636,2
30539,2000,180637,2
30540,2000,180641,1
30541,2000,180643,1
30542,2000,180648,1
30543,2000,180649,2
30544,2000,180650,4
30546,2000,180655,1
30547,2000,180670,1
30548,2000,180682,1
30549,2000,180756,2
30550,2000,180765,3
30551,2000,180812,1
30552,2000,180824,1
30553,2000,180841,3
30554,2000,180844,1
30555,2000,180865,4
30556,2000,180869,2
30557,2000,180873,2
30558,2000,180879,3
30559,2000,180880,3
30560,2000,180892,6
30561,2000,180910,2
30562,2000,180913,1
30563,2000,180919,1
30564,2000,180923,1
30565,2000,180930,1
30566,2000,180933,3
30567,2000,180946,2
30568,2000,180950,1
30569,2000,180952,1
30570,2000,180960,1
30571,2000,180964,5
30572,2000,180968,1
30573,2000,180970,2
30574,2000,180987,1
30575,2000,180992,4
30576,2000,180993,2
30577,2000,180994,4
30578,2000,180996,6
30579,2000,181000,6
30580,2000,181002,1
30581,2000,181003,1
30582,2000,181006,2
30583,2000,181024,1
30584,2000,181028,1
30585,2000,181030,2
30586,2000,181071,1
30587,2000,181101,1
30588,2000,181107,2
30589,2000,181124,1
30590,2000,181126,1
30591,2000,181129,1
30592,2000,181143,1
30593,2000,181155,1
30594,2000,181157,1
30595,2000,181172,1
30596,2000,181173,1
30597,2000,181189,1
30598,2000,181196,2
30599,2000,181197,1
30600,2000,181201,1
30601,2000,181231,2
30602,2000,181234,2
30603,2000,181235,6
30604,2000,181259,2
30605,2000,181270,2
30606,2000,181276,2
30607,2000,181284,2
30608,2000,181299,6
30609,2000,181311,2
30610,2000,181312,1
30611,2000,181326,2
30612,2000,181338,2
30613,2000,181341,2
30615,2000,181355,1
30616,2000,181363,1
30618,2000,181370,2
30619,2000,181371,2
30620,2000,181374,2
30621,2000,181405,1
30622,2000,181411,1
30623,2000,181415,1
30624,2000,181420,2
30625,2000,181432,1
30626,2000,181435,3
30627,2000,181465,8
30628,2000,181498,7
30629,2000,181505,2
30630,2000,181520,2
30631,2000,181539,1
30632,2000,181543,2
30633,2000,181547,1
30634,2000,181558,2
30635,2000,181567,1
30636,2000,181572,2
30637,2000,181574,2
30638,2000,181575,1
30639,2000,181579,4
30640,2000,181580,1
30641,2000,181581,1
30642,2000,181584,4
30643,2000,181590,1
30644,2000,181593,4
30645,2000,181605,3
30646,2000,181620,1
30647,2000,181638,1
30648,2000,181641,1
30649,2000,181697,2
30650,2000,181698,1
30651,2000,181722,2
30652,2000,181723,3
30653,2000,181729,1
30654,2000,181731,1
30655,2000,181741,1
30656,2000,181746,1
30657,2000,181750,2
30658,2000,181751,2
30659,2000,181781,1
30660,2000,181788,2
30661,2000,181796,2
30662,2000,181798,3
30663,2000,181801,3
30664,2000,181810,1
30665,2000,181814,1
30666,2000,181817,2
30667,2000,181821,1
30668,2000,181824,2
30669,2000,181831,6
30670,2000,181835,1
30671,2000,181839,4
30672,2000,181913,2
30673,2000,181918,2
30674,2000,181920,1
30675,2000,181936,5
30676,2000,181950,4
30678,2000,182018,1
30679,2000,182020,4
30680,2000,182025,1
30681,2000,182030,1
30682,2000,182044,1
30683,2000,182045,1
30684,2000,182048,1
30685,2000,182050,1
30686,2000,182051,1
30687,2000,182054,1
30688,2000,182056,1
30690,2000,182074,1
30691,2000,182080,2
30693,2000,182097,2
30694,2000,182106,2
30695,2000,182112,1
30696,2000,182113,1
30697,2000,182116,1
30698,2000,182122,2
30699,2000,182132,3
30700,2000,182134,1
30701,2000,182137,2
30702,2000,182138,2
30703,2000,182141,2
30704,2000,182158,1
30705,2000,182163,1
30706,2000,182174,1
30707,2000,182183,2
30708,2000,182184,1
30709,2000,182203,4
30710,2000,182219,2
30711,2000,182239,4
30712,2000,182245,6
30713,2000,182272,1
30714,2000,182283,2
30715,2000,182292,1
30716,2000,182296,3
30717,2000,182300,2
30718,2000,182313,4
30719,2000,182331,1
30720,2000,182332,1
30721,2000,182336,8
30723,2000,182345,1
30724,2000,182349,1
30725,2000,182351,1
30726,2000,182352,1
30727,2000,182353,1
30728,2000,182354,1
30729,2000,182355,1
30730,2000,182359,1
30731,2000,182364,1
30732,2000,182365,2
30733,2000,182384,1
30734,2000,182385,1
30735,2000,182386,4
30736,2000,182393,1
30737,2000,182405,1
30739,2000,182411,5
30740,2000,182426,6
30741,2000,182433,2
30742,2000,182435,1
30743,2000,182436,1
30744,2000,182458,1
30745,2000,182482,1
30747,2000,182507,4
30748,2000,182529,1
30749,2000,182543,1
30750,2000,182547,4
30751,2000,182550,2
30752,2000,182551,3
30753,2000,182552,1
30754,2000,182554,1
30755,2000,182561,2
30756,2000,182563,2
30757,2000,182578,1
30758,2000,182586,1
30759,2000,182587,1
30760,2000,182590,2
30761,2000,182591,1
30762,2000,182592,2
30763,2000,182599,4
30764,2000,182620,1
30765,2000,182622,2
30766,2000,182626,2
30767,2000,182634,2
30768,2000,182637,1
30769,2000,182640,6
30770,2000,182648,1
30771,2000,182650,1
30772,2000,182651,2
30773,2000,182660,1
30774,2000,182661,1
30775,2000,182662,1
30776,2000,182667,1
30777,2000,182679,1
30778,2000,182684,1
30779,2000,182685,2
30780,2000,182686,1
30781,2000,182690,1
30782,2000,182693,1
30783,2000,182694,8
30784,2000,182698,2
30785,2000,182701,2
30786,2000,182709,6
30787,2000,182710,2
30788,2000,182711,1
30790,2000,182715,1
30791,2000,182736,2
30792,2000,182745,1
30793,2000,182748,1
30794,2000,182751,2
30795,2000,182753,1
30796,2000,182765,2
30797,2000,182771,6
30798,2000,182783,3
30799,2000,182785,6
30800,2000,182792,3
30801,2000,182796,2
30802,2000,182797,2
30803,2000,182800,1
30804,2000,182803,3
30805,2000,182804,2
30806,2000,182807,1
30807,2000,182810,4
30808,2000,182812,1
30809,2000,182836,2
30810,2000,182839,2
30811,2000,182849,2
30812,2000,182854,2
30813,2000,182856,2
30814,2000,182872,2
30815,2000,182903,1
30816,2000,182908,1
30817,2000,182910,2
30818,2000,182927,2
30819,2000,182928,1
30820,2000,182930,6
30821,2000,182932,1
30822,2000,182937,6
30823,2000,182939,2
30825,2000,182952,1
30826,2000,182963,2
30827,2000,182979,1
30828,2000,182981,3
30829,2000,182986,1
30830,2000,183007,1
30831,2000,183022,2
30832,2000,183043,2
30833,2000,183098,1
30834,2000,183107,4
30835,2000,183110,1
30836,2000,183141,1
30837,2000,183159,1
30838,2000,183162,1
30839,2000,183164,1
30840,2000,183172,2
30841,2000,183177,1
30842,2000,183178,4
30843,2000,183179,2
30844,2000,183183,2
30846,2000,183209,1
30847,2000,183218,1
30848,2000,183222,3
30849,2000,183223,1
30850,2000,183228,2
30851,2000,183232,1
30852,2000,183261,2
30853,2000,183264,2
30854,2000,183285,1
30857,2000,183316,1
30858,2000,183344,1
30859,2000,183351,2
30860,2000,183356,1
30861,2000,183373,2
30862,2000,183403,1
30863,2000,183408,1
30864,2000,183412,1
30865,2000,183429,3
30866,2000,183431,1
30867,2000,183433,2
30868,2000,183443,1
30869,2000,183457,1
30870,2000,183471,1
30871,2000,183493,2
30872,2000,183499,2
30873,2000,183513,1
30874,2000,183517,1
30875,2000,183518,2
30876,2000,183519,1
30877,2000,183522,2
30878,2000,183524,1
30879,2000,183526,1
30880,2000,183527,2
30881,2000,183545,1
30882,2000,183546,3
30883,2000,183548,8
30884,2000,183557,4
30885,2000,183562,1
30886,2000,183572,1
30887,2000,183574,1
30888,2000,183576,1
30889,2000,183577,1
30890,2000,183589,2
30891,2000,183597,1
30892,2000,183598,1
30893,2000,183601,4
30894,2000,183608,1
30895,2000,183616,1
30896,2000,183619,1
30897,2000,183633,2
30898,2000,183685,1
30899,2000,183690,2
30900,2000,183875,1
30901,2000,200014,1
30902,2000,200026,4
30903,2000,200033,2
30904,2000,200036,2
30905,2000,200037,2
30906,2000,200038,1
30907,2000,200043,2
30908,2000,200044,1
30910,2000,200060,6
30911,2000,200069,6
30912,2000,200079,1
30914,2000,200088,1
30915,2000,200089,1
30916,2000,200092,2
30917,2000,200093,1
30918,2000,200094,2
30919,2000,200103,4
30920,2000,200104,1
30921,2000,200113,6
30922,2000,200118,1
30923,2000,200120,6
30924,2000,200128,2
30925,2000,200131,6
30926,2000,200137,1
30927,2000,200142,2
30928,2000,200156,4
30929,2000,200169,2
30930,2000,200178,1
30931,2000,200181,1
30932,2000,200193,2
30933,2000,200196,2
30934,2000,200203,6
30935,2000,200204,2
30936,2000,200215,2
30937,2000,200247,1
30938,2000,200269,1
30939,2000,200270,1
30940,2000,200274,2
30941,2000,200285,1
30942,2000,200286,2
30943,2000,200309,2
30944,2000,200317,1
30945,2000,200335,2
30946,2000,200340,2
30947,2000,200346,1
30948,2000,200352,2
30949,2000,200355,1
30950,2000,200392,6
30951,2000,200396,2
30952,2000,200423,2
30953,2000,200432,1
30954,2000,200474,1
30955,2000,200481,2
30956,2000,200489,1
30957,2000,200491,1
30958,2000,200523,3
30959,2000,200555,2
30960,2000,200573,1
30961,2000,200598,6
30962,2000,200603,6
30963,2000,200632,2
30964,2000,200633,1
30965,2000,200634,1
30966,2000,200638,2
30967,2000,200644,2
30968,2000,200647,1
30969,2000,200650,1
30970,2000,200652,2
30971,2000,200653,1
30972,2000,200658,1
30973,2000,200715,1
30974,2000,200737,6
30975,2000,200740,2
30976,2000,200747,3
30977,2000,200759,1
30978,2000,200762,2
30979,2000,200764,1
30980,2000,200765,8
30981,2000,200776,2
30982,2000,200794,1
30984,2000,200822,1
30985,2000,200823,1
30986,2000,200830,4
30987,2000,200832,1
30988,2000,200865,1
30989,2000,200874,5
30990,2000,200928,1
30991,2000,200930,2
30992,2000,200937,1
30993,2000,200940,6
30994,2000,200943,6
30995,2000,200958,2
30996,2000,200973,1
30997,2000,200995,1
30998,2000,200999,1
30999,2000,201019,1
31000,2000,201025,2
31001,2000,201036,1
31002,2000,201039,2
31003,2000,201043,1
31004,2000,201046,1
31005,2000,201047,2
31007,2000,201054,1
31008,2000,201069,6
31009,2000,201070,1
31010,2000,201075,4
31011,2000,201076,1
31012,2000,201095,1
31013,2000,201099,2
31014,2000,201116,1
31015,2000,201135,1
31016,2000,201152,1
31017,2000,201161,1
31018,2000,201163,2
31019,2000,201175,1
31020,2000,201222,1
31021,2000,201223,1
31022,2000,201230,1
31023,2000,201231,1
31024,2000,201233,2
31025,2000,201234,2
31026,2000,201238,1
31027,2000,201247,1
31028,2000,201254,1
31029,2000,201261,2
31030,2000,201268,2
31031,2000,201272,1
31032,2000,201297,1
31033,2000,201325,2
31034,2000,201327,1
31035,2000,201328,4
31036,2000,201331,1
31037,2000,201337,1
31038,2000,201339,1
31039,2000,201342,1
31040,2000,201364,1
31042,2000,201367,1
31043,2000,201372,2
31044,2000,201373,6
31045,2000,201382,6
31046,2000,201394,1
31047,2000,201405,1
31048,2000,201414,1
31049,2000,201417,3
31050,2000,201418,1
31051,2000,201440,1
31052,2000,201441,1
31053,2000,201442,1
31054,2000,201455,1
31055,2000,201465,1
31056,2000,201468,2
31057,2000,201470,3
31058,2000,201525,1
31059,2000,201527,3
31060,2000,201532,2
31062,2000,201560,1
31063,2000,201575,2
31064,2000,201577,1
31065,2000,201578,1
31066,2000,201581,1
31067,2000,201584,1
31068,2000,201588,1
31069,2000,201604,1
31070,2000,201606,2
31071,2000,201609,1
31072,2000,201618,1
31073,2000,201621,2
31074,2000,201649,1
31075,2000,201658,2
31076,2000,201668,1
31077,2000,201678,1
31078,2000,201680,3
31079,2000,201687,2
31080,2000,201690,1
31081,2000,201692,1
31082,2000,201693,1
31083,2000,201698,1
31084,2000,201709,2
31085,2000,201710,2
31086,2000,201711,6
31087,2000,201714,5
31088,2000,201717,1
31089,2000,201723,2
31090,2000,201729,3
31091,2000,201733,1
31092,2000,201745,1
31093,2000,201746,3
31094,2000,201753,1
31095,2000,201791,1
31096,2000,201817,1
31097,2000,201818,1
31098,2000,201820,1
31099,2000,201821,2
31100,2000,201823,1
31101,2000,201827,1
31102,2000,201833,1
31103,2000,201858,1
31104,2000,201862,3
31105,2000,201865,1
31106,2000,201872,1
31107,2000,201876,1
31108,2000,201877,6
31109,2000,201897,1
31110,2000,201898,1
31111,2000,201903,1
31112,2000,201909,1
31113,2000,201911,1
31114,2000,201932,2
31115,2000,201947,1
31116,2000,201951,1
31117,2000,201955,1
31118,2000,201962,1
31119,2000,201966,2
31120,2000,201971,3
31121,2000,201982,1
31122,2000,201987,2
31123,2000,201988,1
31124,2000,201994,2
31125,2000,201995,1
31126,2000,202010,1
31127,2000,202012,1
31128,2000,202026,1
31129,2000,202030,1
31130,2000,202035,1
31131,2000,202040,6
31132,2000,202053,2
31133,2000,202072,1
31134,2000,202075,2
31135,2000,202106,1
31136,2000,202122,1
31137,2000,202128,2
31138,2000,202130,1
31139,2000,202176,1
31140,2000,202180,2
31141,2000,202217,1
31142,2000,202256,2
31143,2000,202276,1
31144,2000,202277,1
31145,2000,202283,2
31146,2000,202306,6
31147,2000,202334,7
31148,2000,202335,3
31149,2000,202354,2
31150,2000,202355,1
31151,2000,202356,2
31152,2000,202366,1
31153,2000,202374,2
31154,2000,202381,1
31155,2000,202402,2
31156,2000,202408,2
31157,2000,202412,1
31158,2000,202420,1
31159,2000,202427,3
31160,2000,202454,1
31161,2000,202463,1
31162,2000,202466,4
31163,2000,202468,2
31164,2000,202479,2
31165,2000,202480,1
31166,2000,202491,1
31167,2000,202498,3
31168,2000,202513,3
31169,2000,202514,2
31170,2000,202534,1
31171,2000,202535,1
31172,2000,202537,1
31173,2000,202552,1
31174,2000,202604,1
31175,2000,202610,2
31176,2000,202614,1
31177,2000,202616,1
31179,2000,202624,2
31180,2000,202631,3
31181,2000,202637,2
31182,2000,202643,2
31184,2000,202654,4
31185,2000,202698,1
31186,2000,202700,1
31187,2000,202710,1
31188,2000,202712,1
31189,2000,202721,4
31190,2000,202722,1
31191,2000,202724,1
31192,2000,202747,1
31193,2000,202766,2
31194,2000,202767,1
31195,2000,202771,1
31196,2000,202772,6
31197,2000,202784,1
31198,2000,202819,1
31199,2000,202822,1
31200,2000,202831,2
31201,2000,202842,3
31202,2000,202859,2
31203,2000,202872,1
31204,2000,202873,1
31205,2000,202879,3
31206,2000,202891,2
31207,2000,202962,2
31208,2000,202992,1
31209,2000,202994,1
31210,2000,203002,2
31211,2000,203040,2
31212,2000,203043,2
31213,2000,203045,1
31214,2000,203069,1
31215,2000,203070,1
31216,2000,203083,1
31217,2000,203114,2
31218,2000,203135,1
31219,2000,203140,1
31220,2000,203142,2
31221,2000,203167,1
31222,2000,203168,1
31223,2000,203222,1
31224,2000,203223,2
31225,2000,203271,1
31226,2000,203301,1
31227,2000,203367,1
31228,2000,203392,1
31229,2000,203446,2
31230,2000,203469,1
31231,2000,203546,1
31232,2000,203571,1
31233,2000,203665,1
31234,2000,203677,1
31235,2000,203833,1
31236,2000,203981,2
31237,2000,204235,3
31238,2000,204464,1
31239,2000,204499,2
31240,2000,204682,1
31241,2000,205448,1
31242,2000,205538,1
31243,2000,206211,6
31244,2000,206242,1
31245,2000,206616,1
31246,2000,207089,1
31247,2000,207090,1
31248,2000,208090,2
31249,2000,208099,2
31250,2000,220184,1
31251,2000,220187,4
31252,2000,220188,2
31253,2000,220189,6
31254,2000,220199,1
31255,2000,220234,1
31256,2000,220246,2
31257,2000,220251,2
31258,2000,220258,4
31259,2000,220260,2
31260,2000,220269,2
31261,2000,220273,3
31262,2000,220275,3
31263,2000,220277,1
31264,2000,220278,2
31265,2000,220288,4
31266,2000,220293,4
31267,2000,220294,1
31268,2000,220297,2
31269,2000,220300,1
31270,2000,220344,1
31271,2000,220482,1
31272,2000,220492,2
31273,2000,220493,1
31274,2000,220503,1
31275,2000,220549,3
31276,2000,220560,1
31277,2000,220564,1
31278,2000,220648,2
31279,2000,220650,1
31280,2000,220653,1
31281,2000,220675,4
31282,2000,220679,1
31283,2000,220710,1
31284,2000,220714,2
31285,2000,220719,2
31286,2000,220753,1
31287,2000,220821,1
31288,2000,220908,1
31289,2000,220932,1
31290,2000,220958,1
31291,2000,220967,1
31292,2000,221040,1
31293,2000,221065,1
31294,2000,221114,1
31295,2000,221147,1
31296,2000,221156,1
31297,2000,221176,3
31298,2000,221177,8
31299,2000,221179,6
31300,2000,221200,1
31301,2000,221201,1
31302,2000,221203,1
31303,2000,221205,1
31304,2000,221212,1
31305,2000,221213,1
31306,2000,221219,1
31307,2000,221222,1
31308,2000,221225,1
31309,2000,221227,1
31310,2000,221245,4
31311,2000,221250,2
31312,2000,221273,1
31313,2000,221283,6
31314,2000,221326,2
31315,2000,221349,1
31316,2000,221364,2
31317,2000,221370,2
31318,2000,221400,4
31319,2000,221434,2
31320,2000,221677,1
31321,2000,221707,2
31322,2000,270086,1
31323,2000,270127,4
31324,2000,270180,2
31325,2000,270365,4
31326,2000,270539,1
31327,2000,270574,2
31329,2000,270749,1
31330,2000,270844,3
31331,2000,270976,1
31332,2000,270983,1
31333,2000,271243,1
31334,2000,271283,3
31335,2000,271321,2
31336,2000,271402,1
31337,2000,271413,1
31338,2000,271465,3
31339,2000,271550,2
31340,2000,271585,3
31341,2000,271588,1
31342,2000,271589,2
31343,2000,271590,2
31344,2000,271626,2
31345,2000,271643,2
31346,2000,271709,3
31347,2000,271996,1
31348,2000,271998,1
31349,2000,272033,2
31350,2000,272171,2
31351,2000,272173,2
31352,2000,272175,4
31353,2000,272217,4
31354,2000,272220,1
31355,2000,272227,1
31356,2000,272237,1
31357,2000,272242,1
31358,2000,272322,1
31359,2000,272466,2
31360,2000,272470,2
31361,2000,272478,2
31362,2000,272479,3
31363,2000,272499,1
31364,2000,272782,5
31365,2000,272785,2
31366,2000,272786,2
31367,2000,272788,1
31368,2000,272789,2
31369,2000,272800,2
31370,2000,272812,1
31371,2000,272958,2
31372,2000,272962,2
31373,2000,272963,1
31374,2000,273180,3
31375,2000,273181,2
31376,2000,273438,1
31377,2000,273465,2
31378,2000,273490,3
31379,2000,273648,1
31380,2000,273649,1
31381,2000,273664,3
31382,2000,273679,1
31383,2000,273681,2
31384,2000,273754,2
31385,2000,273789,4
31386,2000,273827,1
31387,2000,274033,2
31388,2000,274046,1
31389,2000,274068,2
31390,2000,274069,2
31391,2000,274250,1
31392,2000,274251,1
31393,2000,274253,1
31394,2000,274343,1
31396,2000,274350,1
31397,2000,274370,1
31398,2000,274490,1
31399,2000,274504,2
31400,2000,274509,1
31401,2000,274520,2
31402,2000,274630,2
31403,2000,274634,1
31404,2000,274649,1
31405,2000,274651,1
31406,2000,274698,1
31407,2000,274699,1
31408,2000,274931,1
31409,2000,274951,3
31410,2000,274964,1
31411,2000,274965,1
31412,2000,274968,4
31413,2000,275086,1
31415,2000,275252,1
31416,2000,275254,8
31417,2000,275310,6
31418,2000,275315,2
31419,2000,275316,1
31420,2000,275441,2
31421,2000,275451,2
31422,2000,275485,1
31423,2000,275491,1
31424,2000,275497,1
31425,2000,275578,1
31426,2000,275707,1
31427,2000,275793,1
31428,2000,275810,5
31429,2000,275874,4
31430,2000,276059,4
31431,2000,310004,4
31432,2000,310453,4
31433,2000,320187,1
31434,2000,320190,1
31436,2000,320444,3
31437,2000,320450,1
31438,2000,320465,2
31439,2000,320489,1
31440,2000,320499,2
31441,2000,320507,1
31442,2000,320525,1
31443,2000,320555,6
31444,2000,320723,1
31445,2000,320737,1
31446,2000,320738,1
31447,2000,320953,1
31448,2000,320971,4
31449,2000,321141,4
31450,2000,321144,1
31451,2000,321155,1
31452,2000,321194,1
31453,2000,321212,2
31454,2000,321545,2
31455,2000,321549,1
31456,2000,321558,1
31457,2000,321560,1
31458,2000,321563,1
31459,2000,321564,1
31460,2000,321565,3
31461,2000,321566,3
31462,2000,321582,1
31463,2000,321612,1
31464,2000,321640,2
31465,2000,321683,2
31466,2000,321787,1
31467,2000,321807,1
31468,2000,321810,1
31469,2000,321814,2
31470,2000,321819,1
31471,2000,321820,2
31472,2000,321963,2
31473,2000,321996,1
31474,2000,322026,2
31475,2000,322130,1
31476,2000,322207,3
31477,2000,322223,1
31478,2000,322228,2
31479,2000,322235,1
31480,2000,322254,1
31481,2000,322262,2
31482,2000,322267,1
31483,2000,322271,1
31484,2000,322277,1
31485,2000,322278,2
31486,2000,322619,1
31487,2000,322641,1
31488,2000,322645,1
31489,2000,322655,1
31490,2000,322661,1
31491,2000,322685,1
31492,2000,322691,1
31493,2000,322695,1
31494,2000,322697,1
31495,2000,322737,1
31496,2000,322772,2
31497,2000,322773,1
31498,2000,322781,4
31499,2000,322783,4
31500,2000,322797,2
31501,2000,322804,1
31502,2000,322815,1
31503,2000,322818,1
31504,2000,322821,2
31505,2000,322822,1
31506,2000,322825,1
31507,2000,322933,1
31508,2000,322936,1
31509,2000,322937,1
31510,2000,322938,2
31511,2000,322940,1
31512,2000,322944,4
31513,2000,322949,2
31514,2000,322969,2
31515,2000,322970,2
31516,2000,322973,1
31517,2000,323003,4
31518,2000,323114,2
31519,2000,323309,1
31520,2000,323312,1
31521,2000,323344,1
31522,2000,323349,1
31523,2000,323365,1
31524,2000,323438,1
31525,2000,323556,2
31526,2000,323793,1
31527,2000,323828,1
31528,2000,323832,3
31529,2000,323834,1
31530,2000,323843,2
31531,2000,324014,1
31532,2000,324017,1
31533,2000,324032,1
31534,2000,324036,6
31535,2000,324059,1
31536,2000,324107,4
31537,2000,324127,1
31538,2000,324137,1
31539,2000,324289,1
31540,2000,324445,1
31541,2000,324461,1
31542,2000,324462,1
31543,2000,324464,2
31544,2000,324514,1
31545,2000,324604,1
31546,2000,324674,1
31547,2000,324787,1
31548,2000,324960,1
31549,2000,324978,1
31550,2000,324980,1
31551,2000,325035,1
31552,2000,325045,2
31553,2000,325061,1
31554,2000,325162,3
31555,2000,325167,2
31556,2000,325226,2
31557,2000,325234,2
31558,2000,325378,2
31559,2000,325405,1
31560,2000,325409,2
31561,2000,325418,1
31562,2000,325528,1
31563,2000,325848,1
31564,2000,326231,1
31565,2000,326273,4
31566,2000,326322,2
31567,2000,326377,1
31568,2000,326419,1
31569,2000,326421,1
31570,2000,326888,1
31571,2000,326902,2
31572,2000,327018,3
31573,2000,327037,3
31574,2000,327040,2
31575,2000,327053,1
31576,2000,327069,1
31577,2000,327071,2
31578,2000,327079,1
31579,2000,327082,1
31580,2000,327085,2
31581,2000,327090,4
31582,2000,327093,2
31583,2000,327103,1
31584,2000,327141,2
31585,2000,327231,3
31586,2000,327262,1
31587,2000,327276,4
31588,2000,327286,1
31589,2000,327315,2
31590,2000,327553,4
31591,2000,327659,1
31592,2000,327668,1
31593,2000,327765,1
31594,2000,327816,1
31595,2000,327832,2
31596,2000,327857,2
31597,2000,327935,6
31598,2000,328103,1
31599,2000,328121,3
31600,2000,328123,2
31601,2000,328162,1
31602,2000,328644,1
31603,2000,328828,2
31604,2000,328862,1
31605,2000,328864,5
31606,2000,328866,1
31607,2000,328867,1
31608,2000,328873,2
31609,2000,328886,8
31610,2000,328969,2
31612,2000,329130,1
31613,2000,329348,1
31614,2000,329350,3
31615,2000,329360,3
31616,2000,329435,1
31617,2000,329437,4
31618,2000,329535,1
31619,2000,329570,2
31620,2000,329596,2
31621,2000,329691,1
31622,2000,329718,1
31623,2000,329923,2
31624,2000,329948,5
31625,2000,330010,1
31626,2000,330131,1
31627,2000,330157,1
31628,2000,330261,2
31629,2000,330272,4
31630,2000,330286,1
31631,2000,330301,2
31632,2000,330377,2
31633,2000,330490,2
31634,2000,330590,1
31635,2000,330602,2
31636,2000,330693,1
31637,2000,330701,4
31638,2000,330713,7
31639,2000,330725,2
31640,2000,330834,1
31641,2000,330838,1
31642,2000,330888,2
31643,2000,330907,1
31644,2000,330916,1
31645,2000,330918,2
31646,2000,330950,5
31647,2000,330954,3
31648,2000,330956,2
31649,2000,330986,1
31650,2000,331013,4
31651,2000,331019,1
31652,2000,331084,2
31653,2000,331117,3
31654,2000,331129,1
31655,2000,331142,1
31656,2000,331168,1
31657,2000,331183,3
31658,2000,331380,2
31659,2000,331490,1
31660,2000,331507,1
31661,2000,331510,2
31662,2000,331739,1
31663,2000,332063,2
31664,2000,332175,1
31665,2000,332311,1
31666,2000,332328,2
31667,2000,332330,1
31668,2000,332353,1
31669,2000,332441,1
31670,2000,332448,3
31671,2000,332473,1
31672,2000,332688,1
31673,2000,332713,1
31674,2000,332830,1
31675,2000,332922,2
31676,2000,332980,1
31677,2000,332987,2
31678,2000,332990,1
31679,2000,333224,1
31680,2000,333261,2
31681,2000,333615,1
31682,2000,334320,1
31683,2000,334641,1
31684,2000,334643,1
31685,2000,334921,1
31686,2000,335044,1
31687,2000,335061,3
31688,2000,335107,2
31689,2000,335114,6
31690,2000,335116,3
31691,2000,335136,4
31692,2000,335179,1
31693,2000,335185,4
31694,2000,335187,2
31695,2000,335223,1
31696,2000,335232,1
31697,2000,335260,2
31698,2000,335276,2
31699,2000,335348,1
31700,2000,335405,1
31701,2000,335424,2
31702,2000,335480,2
31703,2000,335486,2
31704,2000,335642,1
31705,2000,335789,2
31706,2000,335856,1
31707,2000,335933,1
31708,2000,335936,1
31709,2000,335958,1
31710,2000,336018,1
31711,2000,336191,2
31712,2000,336245,4
31713,2000,336253,1
31714,2000,336269,2
31715,2000,336454,1
31716,2000,336560,2
31717,2000,336660,1
31718,2000,336728,3
31719,2000,336772,2
31720,2000,336819,1
31721,2000,336827,1
31722,2000,336839,2
31723,2000,336894,1
31724,2000,336912,1
31725,2000,337023,2
31726,2000,337026,1
31727,2000,337106,2
31728,2000,337150,1
31729,2000,337158,6
31730,2000,337166,1
31731,2000,337189,1
31732,2000,337321,1
31733,2000,337353,1
31734,2000,337354,1
31735,2000,337386,1
31736,2000,337413,1
31737,2000,337418,2
31738,2000,337421,4
31739,2000,337424,1
31740,2000,337426,1
31741,2000,337505,2
31742,2000,337645,3
31743,2000,337993,1
31744,2000,338323,2
31745,2000,338407,2
31746,2000,338409,1
31747,2000,338411,2
31748,2000,338613,1
31749,2000,338630,1
31750,2000,338700,3
31751,2000,338768,2
31752,2000,338876,2
31753,2000,338912,1
31754,2000,338936,2
31755,2000,339016,2
31756,2000,339065,1
31757,2000,339236,1
31758,2000,339357,2
31759,2000,339497,1
31760,2000,339503,2
31761,2000,339536,1
31762,2000,339543,1
31763,2000,339624,4
31764,2000,339627,3
31765,2000,339896,1
31766,2000,340025,2
31767,2000,340033,1
31768,2000,340069,1
31769,2000,340079,1
31770,2000,340096,4
31771,2000,340267,1
31772,2000,340345,1
31773,2000,340356,1
31774,2000,340360,1
31775,2000,340404,1
31776,2000,340407,2
31777,2000,340421,2
31778,2000,340454,1
31779,2000,340468,1
31780,2000,340537,1
31781,2000,340548,4
31782,2000,340587,1
31783,2000,340619,4
31784,2000,340624,1
31785,2000,340635,1
31786,2000,340730,2
31787,2000,340827,2
31788,2000,340956,1
31789,2000,340982,2
31790,2000,340999,1
31791,2000,341088,1
31792,2000,341133,1
31793,2000,341134,1
31794,2000,341173,8
31795,2000,341250,1
31796,2000,341256,1
31797,2000,341308,1
31798,2000,341319,1
31799,2000,341378,1
31800,2000,341424,1
31801,2000,341425,1
31802,2000,341591,1
31803,2000,341645,2
31804,2000,341647,1
31805,2000,341657,1
31806,2000,341669,1
31807,2000,341719,1
31808,2000,341737,2
31809,2000,341763,2
31810,2000,341772,1
31811,2000,341776,2
31812,2000,341800,1
31813,2000,341891,2
31814,2000,341979,1
31815,2000,342088,1
31816,2000,342105,1
31817,2000,342109,3
31818,2000,342255,1
31819,2000,342259,1
31820,2000,342262,1
31821,2000,342320,2
31822,2000,342328,4
31823,2000,342375,1
31824,2000,342438,8
31825,2000,342548,1
31826,2000,342634,1
31827,2000,342662,1
31828,2000,342801,1
31829,2000,342880,1
31830,2000,342923,1
31831,2000,343208,2
31832,2000,343227,2
31833,2000,343229,2
31834,2000,343230,7
31835,2000,343232,1
31836,2000,343233,2
31837,2000,343410,2
31838,2000,343423,1
31839,2000,343429,1
31840,2000,343523,1
31841,2000,343700,1
31842,2000,343707,1
31843,2000,343715,1
31844,2000,343830,1
31845,2000,343883,1
31846,2000,343898,1
31847,2000,343916,1
31848,2000,343975,1
31849,2000,344037,2
31850,2000,344204,1
31851,2000,344292,5
31852,2000,344307,1
31853,2000,344313,1
31854,2000,344316,1
31855,2000,344322,1
31856,2000,344358,1
31857,2000,344360,1
31858,2000,344403,2
31859,2000,344444,1
31860,2000,344462,2
31861,2000,344516,1
31862,2000,344533,1
31863,2000,344543,1
31864,2000,344680,3
31865,2000,344716,2
31866,2000,344719,1
31867,2000,344721,1
31868,2000,344748,1
31869,2000,344770,1
31870,2000,344807,1
31871,2000,344883,1
31872,2000,344885,1
31873,2000,344945,4
31874,2000,344947,1
31875,2000,344982,2
31876,2000,344996,1
31877,2000,345089,1
31878,2000,345168,1
31879,2000,345238,4
31880,2000,345303,1
31881,2000,345334,3
31882,2000,345593,1
31883,2000,345631,1
31884,2000,345691,1
31885,2000,345731,5
31886,2000,345856,1
31887,2000,346284,1
31888,2000,346393,1
31889,2000,346440,1
31890,2000,346471,1
31891,2000,346634,1
31892,2000,346705,4
31893,2000,346715,1
31894,2000,346763,1
31895,2000,346790,1
31896,2000,346844,1
31897,2000,346897,2
31898,2000,346920,1
31899,2000,346941,1
31900,2000,346976,2
31901,2000,347017,3
31902,2000,347025,1
31903,2000,347224,2
31904,2000,347234,1
31905,2000,347383,1
31906,2000,347522,1
31907,2000,347788,1
31908,2000,347832,1
31909,2000,347895,1
31910,2000,347929,1
31911,2000,348164,1
31912,2000,348440,1
31913,2000,348446,1
31914,2000,348766,1
31915,2000,348823,4
31916,2000,348989,1
31917,2000,349148,3
31918,2000,349175,1
31919,2000,349321,2
31920,2000,349376,2
31921,2000,349406,2
31922,2000,349875,4
31923,2000,349895,1
31924,2000,349917,1
31925,2000,349963,1
31926,2000,370061,1
31927,2000,370243,1
31928,2000,370325,2
31929,2000,370331,1
31930,2000,370578,2
31931,2000,370704,2
31932,2000,371158,3
31933,2000,371222,1
31934,2000,371278,2
31935,2000,371325,1
31936,2000,371782,1
31937,2000,371863,1
31938,2000,371865,3
31939,2000,371985,1
31940,2000,372683,1
31941,2000,372880,2
31942,2000,373084,2
31943,2000,373298,1
31944,2000,373339,1
31945,2000,373405,1
31946,2000,373442,1
31947,2000,374017,1
31948,2000,374238,1
31949,2000,374604,2
31950,2000,374680,1
31951,2000,374728,3
31952,2000,374869,2
31953,2000,374916,1
31954,2000,375058,6
31955,2000,375130,1
31956,2000,375220,2
31957,2000,375240,5
31958,2000,375765,3
31959,2000,376018,1
31960,2000,376469,6
31961,2000,376696,5
31962,2000,376867,2
31963,2000,376873,1
31964,2000,377268,1
31965,2000,377408,2
31966,2000,377441,1
31967,2000,377601,2
31968,2000,378001,4
31969,2000,378114,2
31970,2000,440103,2
31971,2000,440414,1
31972,2000,440760,2
31973,2000,440817,1
31974,2000,440933,1
31975,2000,441216,4
31976,2000,441937,1
31977,2000,441951,1
31978,2000,442409,1
31979,2000,442423,1
31980,2000,442472,1
31981,2000,443069,1
31982,2000,443383,1
31983,2000,444046,3
31984,2000,444117,1
31985,2000,444128,2
31986,2000,444129,3
31987,2000,444131,1
31988,2000,444138,1
31989,2000,444140,1
31990,2000,444164,1
31991,2000,444335,2
31992,2000,444408,1
31993,2000,444471,1
31994,2000,444636,1
31995,2000,444831,1
31996,2000,444873,1
31997,2000,444971,3
31998,2000,445132,2
31999,2000,445147,1
32000,2000,445217,1
32001,2000,445304,1
32002,2000,445363,1
32003,2000,445769,2
32004,2000,445982,1
32005,2000,446354,1
32006,2000,446400,1
32007,2000,446558,1
32008,2000,446859,1
32009,2000,447418,1
32010,2000,447670,2
32011,2000,447701,2
32012,2000,448416,1
32013,2000,448528,1
32014,2000,448550,1
32015,2000,448710,3
32016,2000,448730,2
32017,2000,448753,8
32018,2000,448868,3
32019,2000,449245,2
32020,2000,449328,1
32021,2000,449430,2
32022,2000,449468,6
32023,2000,449646,1
32024,2000,449734,1
32025,2000,449837,1
32026,2000,450341,1
32027,2000,450637,1
32028,2000,450776,1
32029,2000,450847,3
32030,2000,450848,1
32031,2000,450968,1
32032,2000,451971,1
32033,2000,453363,1
32034,2000,453365,1
32035,2000,454293,1
32036,2000,455223,1
32037,2000,457714,2
32038,2000,480262,1
32039,2000,480371,1
32040,2000,480502,2
32041,2000,480857,1
32042,2000,481197,1
32043,2000,481696,1
32044,2000,481901,1
32045,2000,483629,3
32046,2000,485778,4
32047,2000,489283,1
32048,2000,491074,1
32049,2000,502544,2
32050,2000,503539,1
32051,2000,503777,1
32052,2000,505201,1
32053,2000,505379,1
32054,2000,507703,2
32055,2000,508221,4
32056,2000,509269,2
32057,2000,513095,1
32058,2000,513834,2
32059,2000,513942,1
32060,2000,514425,2
32061,2000,514990,3
32062,2000,516027,2
32063,2000,530493,4
32064,2000,530750,1
32065,2000,530795,1
32066,2000,531343,3
32067,2000,531796,4
32068,2000,532194,2
32069,2000,538008,1
32070,2000,550782,1
32071,2000,551266,1
32072,2000,591673,1
32073,2000,597681,1
32074,2000,598028,2
32075,2000,603546,1
32076,2000,604937,1
32077,2000,606106,1
32078,2000,624426,4
32079,2000,640758,2
32080,2000,640774,3
32081,2000,640787,1
32082,2000,640811,1
32083,2000,640853,2
32084,2000,640857,1
32085,2000,640868,4
32086,2000,641245,1
32087,2000,642466,5
32088,2000,643455,6
32089,2000,643456,1
32090,2000,643476,1
32091,2000,643682,2
32092,2000,643983,2
32093,2000,644063,2
32094,2000,644120,1
32095,2000,645324,1
32096,2000,645351,8
32097,2000,646725,4
32098,2000,646946,1
32099,2000,650662,2
32100,2000,650929,1
32101,2000,730731,2
32102,2000,731010,1
32103,2000,731030,4
32104,2000,731093,2
32105,2000,731373,2
32106,2000,731587,1
32107,2000,731723,1
32108,2000,732468,1
32109,2000,732575,1
32110,2000,734241,5
32111,2000,734314,2
32112,2000,734495,1
32113,2000,734500,1
32114,2000,735014,1
32115,2000,735068,1
32116,2000,746347,6
32117,2000,752379,3
32118,2000,752911,2
32119,2000,753256,4
32120,2000,754991,1
32121,2000,756414,4
32122,2000,764093,2
32123,2000,764562,3
32124,2000,764609,1
32125,2000,767413,2
32126,2000,767622,3
32127,2000,790750,1
32128,2000,791174,1
32129,2000,857659,1
32130,2000,861726,1
32131,2000,871312,1
32132,2000,999537,1
32133,2000,1043205,1
32134,2000,1046681,1
32135,2000,1046683,1
32136,2000,1046694,1
32137,2000,1060374,1
32138,2000,1061292,3
32139,2000,1061295,3
32140,2000,1061308,1
32141,2000,1088913,2
32142,2000,1090470,2
32143,2000,1108172,5
32144,2000,1108365,1
32145,2000,1110366,2
32146,2000,1113181,1
32147,2000,1192982,1
32148,2000,1194123,1
32149,2000,1268482,1
32150,2000,1271184,4
32151,2000,1282505,1
32152,2000,1285093,1
32153,2000,1286545,4
32154,2000,1287235,1
32155,2000,1341412,1
32156,2000,1368842,8
32157,2000,1388536,1
32158,2000,1465095,1
32159,2000,1544776,1
32160,2000,1746873,6
32161,2000,1846951,2
32162,2000,1944006,1
32163,2000,2102911,1
32164,2000,2390379,1
32165,2000,2394136,1
32166,2000,2578987,3
